Workbook

Sheet 2009
A1: CASES MOVED PER MONTH | Q1: AS OF 1/3/09
A2: Wine | B2: Year | C2: Jan | D2: Feb | E2: Mar | F2: Apr | G2: May | H2: Jun | I2: Jul | J2: Aug | K2: Sep | L2: Oct | M2: Nov | N2: Dec | O2: Totals | P2: Avg | Q2: BOY Inventory | R2: Months Left | S2: Inven to date
A3: Ameritage Reserve | B3: 2006 | C3: 15 | D3: 14 | E3: 15 | F3: 16 | O3: =SUM(C3:N3) -> 60 | P3: =AVERAGE(C3:N3) -> 15 | Q3: 60 | R3: =S3/P3 -> 0 | S3: =SUM(Q3-O3) -> 0
A4: Ameritage | B4: 2006 | C4: 29 | D4: 32 | E4: 32 | F4: 15 | G4: 44 | H4: 48 | I4: 9 | J4: 46 | K4: 29 | L4: 20 | M4: 59 | N4: 28 | O4: =SUM(C4:N4) -> 391 | P4: =AVERAGE(C4:N4) -> 32.583333 | Q4: 418 | R4: =S4/P4 -> 0.8286445 | S4: =SUM(Q4-O4) -> 27
A5: Cab Franc | B5: 2006 | C5: 13 | D5: 22 | E5: 20 | F5: 24 | G5: 25 | O5: =SUM(C5:N5) -> 104 | P5: =AVERAGE(C5:N5) -> 20.8 | Q5: 104 | R5: =S5/P5 -> 0 | S5: =SUM(Q5-O5) -> 0
A6: Cab Sauv | B6: 2006 | C6: 11 | D6: 13 | E6: 17 | F6: 14 | G6: 28 | H6: 24 | I6: 6 | J6: 22 | O6: =SUM(C6:N6) -> 135 | P6: =AVERAGE(C6:N6) -> 16.875 | Q6: 135 | R6: =S6/P6 -> 0 | S6: =SUM(Q6-O6) -> 0
A7: Chardonnay | B7: 2006 | C7: 22 | D7: 25 | E7: 27 | F7: 33 | G7: 48 | H7: 31 | O7: =SUM(C7:N7) -> 186 | P7: =AVERAGE(C7:N7) -> 31 | Q7: 186 | R7: =S7/P7 -> 0 | S7: =SUM(Q7-O7) -> 0
A8: Merlot | B8: 2006 | C8: 16 | D8: 16 | E8: 24 | F8: 25 | G8: 32 | H8: 29 | O8: =SUM(C8:N8) -> 142 | P8: =AVERAGE(C8:N8) -> 23.666667 | Q8: 142 | R8: =S8/P8 -> 0 | S8: =SUM(Q8-O8) -> 0
A9: Petite Verdot | B9: 2006 | C9: 13 | D9: 11 | E9: 12 | F9: 16 | O9: =SUM(C9:N9) -> 52 | P9: =AVERAGE(C9:N9) -> 13 | Q9: 52 | R9: =S9/P9 -> 0 | S9: =SUM(Q9-O9) -> 0
A10: Ameritage | B10: 2007 | C10: 7 | D10: 13 | G10: 7 | H10: 11 | I10: 16 | J10: 4 | L10: 2 | M10: 6 | N10: 0 | O10: =SUM(C10:N10) -> 66 | P10: =AVERAGE(C10:N10) -> 7.3333333 | Q10: 580 | R10: =S10/P10 -> 70.090909 | S10: =SUM(Q10-O10) -> 514
A11: Ameritage Reserve | B11: 2007 | C11: 18 | F11: 11 | G11: 32 | H11: 40 | I11: 11 | J11: 31 | K11: 32 | L11: 34 | M11: 44 | N11: 0 | O11: =SUM(C11:N11) -> 253 | P11: =AVERAGE(C11:N11) -> 25.3 | Q11: 277 | R11: =S11/P11 -> 0.9486166 | S11: =SUM(Q11-O11) -> 24
A12: Cab Franc | B12: 2007 | C12: 5 | D12: 17 | F12: 15 | G12: 22 | H12: 43 | I12: 14 | J12: 11 | O12: =SUM(C12:N12) -> 127 | P12: =AVERAGE(C12:N12) -> 18.142857 | Q12: 127 | R12: =S12/P12 -> 0 | S12: =SUM(Q12-O12) -> 0
A13: Cab Sauv | B13: 2007 | C13: 4 | D13: 9 | F13: 14 | H13: 10 | I13: 8 | J13: 3 | K13: 30 | L13: 27 | M13: 36 | N13: 40 | O13: =SUM(C13:N13) -> 181 | P13: =AVERAGE(C13:N13) -> 18.1 | Q13: 484 | R13: =S13/P13 -> 16.740331 | S13: =SUM(Q13-O13) -> 303
A14: Chardonnay | B14: 2007 | C14: 13 | D14: 18 | E14: 21 | F14: 8 | G14: 25 | H14: 50 | I14: 38 | J14: 61 | K14: 58 | L14: 43 | M14: 28 | O14: =SUM(C14:N14) -> 363 | P14: =AVERAGE(C14:N14) -> 33 | Q14: 363 | R14: =S14/P14 -> 0 | S14: =SUM(Q14-O14) -> 0
A15: LH Viognier | B15: 2007 | C15: 11 | D15: 19 | E15: 19 | F15: 24 | G15: 12 | O15: =SUM(C15:N15) -> 85 | P15: =AVERAGE(C15:N15) -> 17 | Q15: 85 | R15: =S15/P15 -> 0 | S15: =SUM(Q15-O15) -> 0
A16: Malbec | B16: 2007 | C16: 6 | D16: 17 | E16: 13 | F16: 15 | G16: 10 | O16: =SUM(C16:N16) -> 61 | P16: =AVERAGE(C16:N16) -> 12.2 | Q16: 61 | R16: =S16/P16 -> 0 | S16: =SUM(Q16-O16) -> 0
A17: Merlot | B17: 2007 | C17: 3 | D17: 2 | H17: 24 | I17: 21 | J17: 33 | K17: 27 | O17: =SUM(C17:N17) -> 110 | P17: =AVERAGE(C17:N17) -> 18.333333 | Q17: 110 | R17: =S17/P17 -> 0 | S17: =SUM(Q17-O17) -> 0
A18: Petite Verdot | B18: 2007 | C18: 3 | D18: 8 | F18: 16 | G18: 24 | H18: 38 | I18: 13 | J18: 35 | K18: 24 | L18: 23 | M18: 79 | N18: 0 | O18: =SUM(C18:N18) -> 263 | P18: =AVERAGE(C18:N18) -> 23.909091 | Q18: 319 | R18: =S18/P18 -> 2.3422053 | S18: =SUM(Q18-O18) -> 56
A19: Sauv Blanc | B19: 2007 | C19: 24 | D19: 11 | E19: 18 | F19: 33 | O19: =SUM(C19:N19) -> 86 | P19: =AVERAGE(C19:N19) -> 21.5 | Q19: 86 | R19: =S19/P19 -> 0 | S19: =SUM(Q19-O19) -> 0
A20: Viognier | B20: 2007 | C20: 29 | D20: 48 | E20: 38 | F20: 16 | O20: =SUM(C20:N20) -> 131 | P20: =AVERAGE(C20:N20) -> 32.75 | Q20: 131 | R20: =S20/P20 -> 0 | S20: =SUM(Q20-O20) -> 0
A21: Ameritage | B21: 2008 | N21: 0 | O21: =SUM(C21:N21) -> 0 | P21: =AVERAGE(C21:N21) -> 0 | Q21: 827 | R21: =S21/P21 -> #DIV/0! | S21: =SUM(Q21-O21) -> 827
A22: Ameritage Reserve | B22: 2008 | N22: 0 | O22: =SUM(C22:N22) -> 0 | P22: =AVERAGE(C22:N22) -> 0 | Q22: 342 | R22: =S22/P22 -> #DIV/0! | S22: =SUM(Q22-O22) -> 342
A23: Cab Franc | B23: 2008 | I23: 5 | J23: 30 | K23: 30 | L23: 37 | M23: 52 | N23: 21 | O23: =SUM(C23:N23) -> 175 | P23: =AVERAGE(C23:N23) -> 29.166667 | Q23: 524 | R23: =S23/P23 -> 11.965714 | S23: =SUM(Q23-O23) -> 349
A24: Cab Sauv | B24: 2008 | N24: 0 | O24: =SUM(C24:N24) -> 0 | P24: =AVERAGE(C24:N24) -> 0 | Q24: 230 | R24: =S24/P24 -> #DIV/0! | S24: =SUM(Q24-O24) -> 230
A25: Chardonnay | B25: 2008 | H25: 48 | M25: 50 | N25: 48 | O25: =SUM(C25:N25) -> 146 | P25: =AVERAGE(C25:N25) -> 48.666667 | Q25: 700 | R25: =S25/P25 -> 11.383562 | S25: =SUM(Q25-O25) -> 554
A26: LH Viognier | B26: 2008 | H26: 32 | I26: 33 | J26: 24 | K26: 23 | L26: 22 | M26: 27 | N26: 16 | O26: =SUM(C26:N26) -> 177 | P26: =AVERAGE(C26:N26) -> 25.285714 | Q26: 350 | R26: =S26/P26 -> 6.8418079 | S26: =SUM(Q26-O26) -> 173
A27: Malbec | B27: 2008 | L27: 45 | M27: 16 | N27: 17 | O27: =SUM(C27:N27) -> 78 | P27: =AVERAGE(C27:N27) -> 26 | Q27: 154 | R27: =S27/P27 -> 2.9230769 | S27: =SUM(Q27-O27) -> 76
A28: Merlot | B28: 2008 | J28: 7 | K28: 10 | L28: 30 | M28: 46 | N28: 17 | O28: =SUM(C28:N28) -> 110 | P28: =AVERAGE(C28:N28) -> 22 | Q28: 372 | R28: =S28/P28 -> 11.909091 | S28: =SUM(Q28-O28) -> 262
A29: Petite Verdot | B29: 2008 | K29: 4 | L29: 8 | M29: 2 | N29: 0 | O29: =SUM(C29:N29) -> 14 | P29: =AVERAGE(C29:N29) -> 3.5 | Q29: 247 | R29: =S29/P29 -> 66.571429 | S29: =SUM(Q29-O29) -> 233
A30: Redmund's | B30: 2008 | H30: 20 | I30: 2 | J30: 10 | K30: 7 | L30: 9 | M30: 7 | N30: 4 | O30: =SUM(C30:N30) -> 59 | P30: =AVERAGE(C30:N30) -> 8.4285714 | Q30: 180 | R30: =S30/P30 -> 14.355932 | S30: =SUM(Q30-O30) -> 121
A31: Riesling | B31: 2008 | E31: 101 | F31: 42 | G31: 53 | H31: 57 | I31: 38 | J31: 21 | K31: 36 | L31: 34 | M31: 38 | N31: 24 | O31: =SUM(C31:N31) -> 444 | P31: =AVERAGE(C31:N31) -> 44.4 | Q31: 515 | R31: =S31/P31 -> 1.5990991 | S31: =SUM(Q31-O31) -> 71
A32: Sauv Blanc | B32: 2008 | E32: 8 | G32: 41 | H32: 25 | I32: 24 | J32: 29 | K32: 24 | L32: 182 | M32: 25 | N32: 16 | O32: =SUM(C32:N32) -> 374 | P32: =AVERAGE(C32:N32) -> 41.555556 | Q32: 449 | R32: =S32/P32 -> 1.8048128 | S32: =SUM(Q32-O32) -> 75
A33: Sweet Petite | B33: 2008 | H33: 75 | I33: 10 | J33: 26 | K33: 28 | L33: 19 | M33: 36 | N33: 16 | O33: =SUM(C33:N33) -> 210 | P33: =AVERAGE(C33:N33) -> 30 | Q33: 340 | R33: =S33/P33 -> 4.3333333 | S33: =SUM(Q33-O33) -> 130
A34: Viognier | B34: 2008 | G34: 69 | H34: 64 | I34: 17 | J34: 52 | K34: 53 | L34: 45 | M34: 52 | N34: 29 | O34: =SUM(C34:N34) -> 381 | P34: =AVERAGE(C34:N34) -> 47.625 | Q34: 653 | R34: =S34/P34 -> 5.7112861 | S34: =SUM(Q34-O34) -> 272
A36: Totals | B36: 2006 | C36: =SUM(C3:C34) -> 242 | D36: =SUM(D3:D10) -> 146 | E36: =SUM(E3:E9) -> 147 | F36: =SUM(F3:F16) -> 230 | G36: =SUM(G3:G12) -> 238 | H36: =SUM(H3:H14) -> 286 | I36: =SUM(I3:I9) -> 15 | J36: =SUM(J3:J9) -> 68 | K36: =SUM(K3:K9) -> 29 | L36: =SUM(L3:L9) -> 20 | M36: =SUM(M3:M9) -> 59 | N36: =SUM(N3:N9) -> 28 | O36: =SUM(C36:N36) -> 1508 | P36: =O36/4 -> 377 | Q36: =SUM(Q3:Q9) -> 1097 | R36: =Q36/P36 -> 2.9098143
B37: 2007 | C37: =SUM(C10:C20) -> 123 | D37: =SUM(D10:D20) -> 162 | E37: =SUM(E10:E20) -> 109 | F37: =SUM(F10:F20) -> 152 | G37: =SUM(G10:G20) -> 132 | H37: =SUM(H10:H20) -> 216 | I37: =SUM(I10:I20) -> 121 | J37: =SUM(J10:J20) -> 178 | ... N37: =SUM(N10:N20) -> 40 | O37: =SUM(C37:N37) -> 1726 | P37: =O37/4 -> 431.5 | Q37: =SUM(Q12:Q34) -> 7649 | R37: =Q37/P37 -> 17.726535
B38: 2008 | C38: =SUM(C31:C34) -> 0 | D38: =SUM(D31:D34) -> 0 | E38: =SUM(E31:E34) -> 109 | F38: =SUM(F31:F34) -> 42 | G38: =SUM(G31:G34) -> 163 | H38: =SUM(H31:H34) -> 221 | I38: =SUM(I31:I34) -> 89 | J38: =SUM(J31:J34) -> 128 | ... N38: =SUM(N31:N34) -> 85 | O38: =SUM(C38:N38) -> 1409 | P38: =O38/4 -> 352.25 | Q38: =SUM(Q31:Q34) -> 1957 | R38: =Q38/P38 -> 5.5557133
A40: Reds | C40: =SUM(C3:C6,C8:C13, C16:C18) -> 143 | D40: =SUM(D3:D6,D8:D13, D16:D18) -> 174 | E40: =SUM(E3:E6,E8:E13, E16:E18) -> 133 | F40: =SUM(F3:F6,F8:F13, F16:F18) -> 181 | G40: =SUM(G3:G6,G8:G13, G16:G18) -> 224 | H40: =SUM(H3:H6,H8:H13, H16:H18) -> 267 | I40: =SUM(I3:I6,I8:I13, I16:I18) -> 98 | J40: =SUM(J3:J6,J8:J13, J16:J18) -> 185 | ... N40: =SUM(N3:N6,N8:N13, N16:N18) -> 68 | O40: =SUM(C40:N40) -> 1945 | P40: =O40/4 -> 486.25 | Q40: =SUM(Q3:Q6, Q8:Q13, Q16:Q18) -> 2869 | R40: =Q40/P40 -> 5.9002571
A41: Whites | C41: =SUM(C7, C14:C15, C19:C34) -> 99 | D41: =SUM(D7, D14:D15, D19:D34) -> 121 | E41: =SUM(E7, E14:E15, E19:E34) -> 232 | F41: =SUM(F7, F14:F15, F19:F34) -> 156 | G41: =SUM(G7, G14:G15, G19:G34) -> 248 | H41: =SUM(H7, H14:H15, H19:H34) -> 402 | I41: =SUM(I7, I14:I15, I19:I34) -> 167 | J41: =SUM(J7, J14:J15, J19:J34) -> 260 | ... N41: =SUM(N7, N14:N15, N19:N34) -> 208 | O41: =SUM(C41:N41) -> 3019 | P41: =O41/4 -> 754.75 | Q41: =SUM(Q7,Q14:Q15, Q19:Q34) -> 6734 | R41: =Q41/P41 -> 8.9221597

Sheet 2010
C1: CASES MOVED PER MONTH
A2: Year | C2: Wine | D2: 2009 Monthly Avg. | E2: 2010 BOY Inventory | F2: Jan | G2: Feb | H2: Mar | I2: Apr | J2: May | K2: Jun | L2: Jul | M2: Aug | N2: Sep | O2: Oct | P2: Nov | Q2: Dec | R2: Totals | S2: 2010 Monthly Avg. | T2: Months Left | U2: Remaining Inventory
A3: 2006 | C3: Ameritage | D3: 32.583333 | E3: 27 | F3: 0 | Q3: 0 | R3: =SUM(F3:Q3) -> 0 | S3: =AVERAGE(F3:Q3) -> 0 | T3: =U3/S3 -> #DIV/0! | U3: 0
A5: 2007 | C5: Ameritage | D5: 7.3333333 | E5: 514 | F5: 12 | G5: 10 | H5: 15 | I5: 4 | J5: 16 | K5: 16 | L5: 9 | M5: 2 | N5: 13 | O5: 0 | P5: 13 | Q5: 5 | R5: =SUM(F5:Q5) -> 115 | S5: =AVERAGE(F5:Q5) -> 9.5833333 | T5: =U5/S5 -> 41.634783 | U5: =SUM(E5-R5) -> 399
A6: 2007 | C6: Ameritage Reserve | D6: 25.3 | E6: 0 | F6: 0 | R6: =SUM(F6:Q6) -> 0 | S6: =AVERAGE(F6:Q6) -> 0 | T6: 0 | U6: =SUM(E6-R6) -> 0
A7: 2007 | C7: Cab Sauv | D7: 18.1 | E7: 303 | F7: 3 | G7: 13 | H7: 37 | I7: 13 | J7: 33 | K7: 22 | L7: 26 | M7: 30 | N7: 50 | O7: 37 | P7: 0 | Q7: 0 | R7: =SUM(F7:Q7) -> 264 | S7: =AVERAGE(F7:Q7) -> 22 | T7: =U7/S7 -> 0 | U7: 0
A8: 2007 | C8: Petite Verdot | D8: 23.909091 | E8: 56 | F8: 15 | G8: 20 | H8: 0 | R8: =SUM(F8:Q8) -> 35 | S8: =AVERAGE(F8:Q8) -> 11.666667 | T8: =U8/S8 -> 0 | U8: 0
A9: 2007 | C9: Vin De Sol | E9: 259 | K9: 27 | L9: 12 | M9: 16 | N9: 9 | O9: 24 | P9: 31 | Q9: 11 | R9: =SUM(F9:Q9) -> 130 | S9: =AVERAGE(F9:Q9) -> 18.571429 | T9: =U9/S9 -> 6.9461538 | U9: =SUM(E9-R9) -> 129
N10: 0
A11: 2008 | C11: Ameritage | D11: 0 | E11: 827 | F11: 3 | G11: 24 | H11: 80 | I11: 40 | J11: 29 | K11: 43 | L11: 65 | M11: 65 | N11: 41 | O11: 62 | P11: 66 | Q11: 41 | R11: =SUM(F11:Q11) -> 559 | S11: =AVERAGE(F11:Q11) -> 46.583333 | T11: =U11/S11 -> 5.7531306 | U11: =SUM(E11-R11) -> 268
A12: 2008 | C12: Ameritage Reserve | D12: 0 | E12: 342 | F12: 47 | G12: 10 | H12: 31 | I12: 24 | J12: 29 | K12: 22 | L12: 33 | M12: 24 | N12: 55 | O12: 21 | P12: 32 | Q12: 14 | R12: =SUM(F12:Q12) -> 342 | S12: =AVERAGE(F12:Q12) -> 28.5 | T12: =U12/S12 -> 0 | U12: =SUM(E12-R12) -> 0
A13: 2008 | C13: Cab Franc | D13: 29.166667 | E13: 349 | F13: 39 | G13: 43 | H13: 33 | I13: 17 | J13: 45 | K13: 8 | L13: 22 | M13: 37 | N13: 25 | O13: 34 | P13: 29 | Q13: 11 | R13: =SUM(F13:Q13) -> 343 | S13: =AVERAGE(F13:Q13) -> 28.583333 | T13: =U13/S13 -> 0.20991254 | U13: =SUM(E13-R13) -> 6
A14: 2008 | C14: Cab Sauv | D14: 0 | E14: 206 | F14: 0 | G14: 0 | H14: 0 | I14: 3 | J14: 11 | K14: 0 | L14: 0 | M14: 0 | N14: 0 | O14: 0 | P14: 1 | Q14: 18 | R14: =SUM(F14:Q14) -> 33 | S14: =AVERAGE(F14:Q14) -> 2.75 | T14: =U14/S14 -> 62.909091 | U14: =SUM(E14-R14) -> 173
A15: 2008 | C15: Chardonnay | D15: 48.666667 | E15: 554 | F15: 75 | G15: 0 | H15: 54 | I15: 38 | J15: 55 | K15: 46 | L15: 122 | M15: 0 | N15: 54 | O15: 49 | P15: 38 | Q15: 23 | R15: =SUM(F15:Q15) -> 554 | S15: =AVERAGE(F15:Q15) -> 46.166667 | T15: =U15/S15 -> 0 | U15: =SUM(E15-R15) -> 0
A16: 2008 | C16: LH Viognier | D16: 25.285714 | E16: 173 | F16: 7 | G16: 9 | H16: 18 | I16: 12 | J16: 19 | K16: 19 | L16: 20 | M16: 17 | N16: 21 | O16: 20 | P16: 0 | R16: =SUM(F16:Q16) -> 162 | S16: =AVERAGE(F16:Q16) -> 14.727273 | T16: =U16/S16 -> 0 | U16: 0
A17: 2008 | C17: Malbec | D17: 26 | E17: 76 | F17: 6 | G17: 8 | H17: 0 | I17: 0 | J17: 0 | K17: 0 | L17: 0 | M17: 0 | N17: 0 | R17: =SUM(F17:Q17) -> 14 | S17: =AVERAGE(F17:Q17) -> 1.5555556 | T17: =U17/S17 -> 0 | U17: 0
A18: 2008 | C18: Merlot | D18: 22 | E18: 262 | F18: 10 | G18: 13 | H18: 83 | I18: -38 | J18: 27 | K18: 17 | L18: 27 | M18: 22 | N18: 25 | O18: 30 | P18: 18 | Q18: 8 | R18: =SUM(F18:Q18) -> 242 | S18: =AVERAGE(F18:Q18) -> 20.166667 | T18: =U18/S18 -> 0.99173554 | U18: =SUM(E18-R18) -> 20
A19: 2008 | C19: Petite Verdot | D19: 3.5 | E19: 233 | F19: 6 | G19: 0 | H19: 10 | I19: 15 | J19: 17 | K19: 21 | L19: 13 | M19: 20 | N19: 18 | O19: 34 | P19: 18 | Q19: 14 | R19: =SUM(F19:Q19) -> 186 | S19: =AVERAGE(F19:Q19) -> 15.5 | T19: =U19/S19 -> 3.0322581 | U19: =SUM(E19-R19) -> 47
A20: 2008 | C20: Redmund's | D20: 8.4285714 | E20: 121 | F20: 1 | G20: 1 | H20: 0 | I20: 1 | J20: 0 | K20: 0 | L20: 0 | M20: 0 | N20: 0 | R20: =SUM(F20:Q20) -> 3 | S20: =AVERAGE(F20:Q20) -> 0.33333333 | T20: =U20/S20 -> 0 | U20: 0
A21: 2008 | C21: Riesling | D21: 44.4 | E21: 71 | F21: 12 | G21: 17 | H21: 32 | I21: 0 | M21: 0 | N21: 0 | R21: =SUM(F21:Q21) -> 61 | S21: =AVERAGE(F21:Q21) -> 10.166667 | T21: =U21/S21 -> 0 | U21: 0
A22: 2008 | C22: Sauv Blanc | D22: 41.555556 | E22: 75 | F22: 10 | G22: 9 | H22: 18 | I22: 17 | J22: 0 | K22: 0 | M22: 0 | N22: 0 | R22: =SUM(F22:Q22) -> 54 | S22: =AVERAGE(F22:Q22) -> 6.75 | T22: =U22/S22 -> 0 | U22: 0
A23: 2008 | C23: Sweet Petit | D23: 30 | E23: 130 | F23: 9 | G23: 6 | H23: 21 | I23: 15 | J23: 36 | K23: 28 | M23: 0 | N23: 0 | R23: =SUM(F23:Q23) -> 115 | S23: =AVERAGE(F23:Q23) -> 14.375 | T23: =U23/S23 -> 0 | U23: 0
A24: 2008 | C24: Viognier | D24: 47.625 | E24: 272 | F24: 21 | G24: 20 | H24: 39 | I24: 33 | J24: 45 | K24: 24 | L24: 43 | M24: 0 | N24: 0 | R24: =SUM(F24:Q24) -> 225 | S24: =AVERAGE(F24:Q24) -> 25 | T24: =U24/S24 -> 0 | U24: 0
M25: 0
A26: 2009 | C26: Ameritage | D26: 347 | E26: 0 | F26: 0 | M26: 0 | N26: 0 | R26: =SUM(F26:Q26) -> 0 | S26: =AVERAGE(F26:Q26) -> 0 | T26: =U26/S26 -> #DIV/0! | U26: =SUM(E26-R26) -> 0
A27: 2009 | C27: Ameritage Reserve | D27: 455 | E27: 0 | F27: 0 | M27: 0 | N27: 0 | R27: =SUM(F27:Q27) -> 0 | S27: =AVERAGE(F27:Q27) -> 0 | T27: =U27/S27 -> #DIV/0! | U27: =SUM(E27-R27) -> 0
A28: 2009 | C28: Cab Franc | E28: 714 | F28: 0 | M28: 20 | N28: 0 | O28: 13 | P28: 10 | Q28: 0 | R28: =SUM(F28:Q28) -> 43 | S28: =AVERAGE(F28:Q28) -> 7.1666667 | T28: =U28/S28 -> 93.627907 | U28: =SUM(E28-R28) -> 671
A29: 2009 | C29: Cab Sauv | D29: 242 | E29: 0 | F29: 0 | M29: 0 | N29: 0 | R29: =SUM(F29:Q29) -> 0 | S29: =AVERAGE(F29:Q29) -> 0 | T29: =U29/S29 -> #DIV/0! | U29: =SUM(E29-R29) -> 0
A30: 2009 | C30: Chardonnay | E30: 556 | F30: 0 | M30: 0 | N30: 18 | O30: 0 | P30: 52 | R30: =SUM(F30:Q30) -> 70 | S30: =AVERAGE(F30:Q30) -> 14 | T30: =U30/S30 -> 34.714286 | U30: =SUM(E30-R30) -> 486
A31: 2009 | C31: LH Viognier | E31: 0 | F31: 0 | M31: 0 | N31: 0 | R31: =SUM(F31:Q31) -> 0 | S31: =AVERAGE(F31:Q31) -> 0 | T31: =U31/S31 -> #DIV/0! | U31: =SUM(E31-R31) -> 0
A32: 2009 | C32: Malbec | E32: 250 | F32: 0 | M32: 3 | N32: 19 | O32: 73 | P32: 21 | Q32: 12 | R32: =SUM(F32:Q32) -> 128 | S32: =AVERAGE(F32:Q32) -> 21.333333 | T32: =U32/S32 -> 5.71875 | U32: =SUM(E32-R32) -> 122
A33: 2009 | C33: Merlot | E33: 457 | F33: 0 | M33: 0 | N33: 0 | O33: 0 | Q33: 2 | R33: =SUM(F33:Q33) -> 2 | S33: =AVERAGE(F33:Q33) -> 0.4 | T33: =U33/S33 -> 1137.5 | U33: =SUM(E33-R33) -> 455
A34: 2009 | C34: Petite Verdot | E34: 222 | F34: 0 | M34: 0 | N34: 0 | O34: 5 | P34: 5 | Q34: 3 | R34: =SUM(F34:Q34) -> 13 | S34: =AVERAGE(F34:Q34) -> 2.1666667 | T34: =U34/S34 -> 96.461538 | U34: =SUM(E34-R34) -> 209
A35: 2009 | C35: Redmund's | E35: 251 | F35: 0 | K35: 10 | L35: 6 | M35: 20 | N35: 10 | O35: 8 | P35: 31 | Q35: 0 | R35: =SUM(F35:Q35) -> 85 | S35: =AVERAGE(F35:Q35) -> 10.625 | T35: =U35/S35 -> 15.623529 | U35: =SUM(E35-R35) -> 166
A36: 2009 | C36: Riesling | D36: 44.4 | E36: 415 | F36: 0 | G36: 0 | H36: 0 | I36: 40 | J36: 55 | K36: 61 | L36: 48 | M36: 105 | N36: 56 | O36: 0 | R36: =SUM(F36:Q36) -> 365 | S36: =AVERAGE(F36:Q36) -> 36.5 | T36: =U36/S36 -> 0 | U36: 0
A37: 2009 | C37: Harrys Tap Room | F37: 0 | M37: 0 | N37: 0 | R37: 60 | S37: =AVERAGE(F37:Q37) -> 0 | T37: 0 | U37: 0
A38: 2009 | C38: Sweet Petit | E38: 0 | F38: 0 | M38: 0 | N38: 0 | R38: =SUM(F38:Q38) -> 0 | S38: =AVERAGE(F38:Q38) -> 0 | T38: =U38/S38 -> #DIV/0! | U38: =SUM(E38-R38) -> 0
A39: 2009 | C39: Viognier | E39: 596 | F39: 0 | L39: 3 | M39: 0 | N39: 58 | O39: 60 | P39: 50 | Q39: 28 | R39: =SUM(F39:Q39) -> 199 | S39: =AVERAGE(F39:Q39) -> 28.428571 | T39: =U39/S39 -> 13.964824 | U39: =SUM(E39-R39) -> 397
A40: 2009 | C40: LH Petit Manseng | E40: 287 | L40: 0 | M40: 25 | N40: 9 | O40: 11 | P40: 14 | Q40: 12 | R40: =SUM(F40:Q40) -> 71 | S40: =AVERAGE(F40:Q40) -> 11.833333 | T40: =U40/S40 -> 18.253521 | U40: =SUM(E40-R40) -> 216
A41: 2009 | C41: Petit Manseng | D41: n/a | E41: 323 | F41: 0 | G41: 0 | H41: 0 | I41: 25 | J41: 40 | K41: 76 | L41: 52 | M41: 0 | N41: 40 | O41: 26 | Q41: 0 | R41: =SUM(F41:Q41) -> 259 | S41: =AVERAGE(F41:Q41) -> 23.545455 | T41: =U41/S41 -> 0 | U41: 0
A43: 2006 | C43: Totals | D43: 377 | E43: =SUM(E3) -> 27 | F43: =SUM(F3) -> 0 | G43: =SUM(G3) -> 0 | H43: =SUM(H3) -> 0 | I43: =SUM(I3) -> 0 | J43: =SUM(J3) -> 0 | K43: =SUM(K3) -> 0 | L43: =SUM(L3) -> 0 | ... Q43: =SUM(Q3) -> 0 | R43: =SUM(F43:Q43) -> 0 | S43: =AVERAGE(F43:Q43) -> 0 | T43: =U43/S43 -> #DIV/0! | U43: =SUM(E43-R43) -> 27
A44: 2007 | D44: 431.5 | E44: =SUM(E5:E8) -> 873 | F44: =SUM(F5:F8) -> 30 | G44: =SUM(G5:G8) -> 43 | H44: =SUM(H5:H8) -> 52 | I44: =SUM(I5:I8) -> 17 | J44: =SUM(J5:J8) -> 49 | K44: =SUM(K5:K8) -> 38 | L44: =SUM(L5:L8) -> 35 | ... Q44: =SUM(Q5:Q8) -> 5 | R44: =SUM(F44:Q44) -> 414 | S44: =AVERAGE(F44:Q44) -> 34.5 | T44: =U44/S44 -> 13.304348 | U44: =SUM(E44-R44) -> 459
A45: 2008 | D45: 352.25 | E45: =SUM(E11:E24) -> 3691 | F45: =SUM(F11:F24) -> 246 | G45: =SUM(G11:G24) -> 160 | H45: =SUM(H11:H24) -> 419 | I45: =SUM(I11:I24) -> 177 | J45: =SUM(J11:J24) -> 313 | K45: =SUM(K11:K24) -> 228 | L45: =SUM(L11:L24) -> 345 | ... Q45: =SUM(Q11:Q24) -> 129 | R45: =SUM(F45:Q45) -> 2893 | S45: =AVERAGE(F45:Q45) -> 241.08333 | T45: =U45/S45 -> 3.3100588 | U45: =SUM(E45-R45) -> 798
A46: 2009 | E46: =SUM(E26:E41) -> 4071 | F46: =SUM(F26:F41) -> 0 | G46: =SUM(G26:G41) -> 0 | H46: =SUM(H26:H41) -> 0 | I46: =SUM(I26:I41) -> 65 | J46: =SUM(J26:J41) -> 95 | K46: =SUM(K26:K41) -> 147 | L46: =SUM(L26:L41) -> 109 | ... Q46: =SUM(Q26:Q41) -> 57 | R46: =SUM(F46:Q46) -> 1235 | S46: =AVERAGE(F46:Q46) -> 102.91667 | T46: =U46/S46 -> 27.556275 | U46: =SUM(E46-R46) -> 2836
C48: Reds | D48: 486.25 | E48: =SUM(E3+E5+E6+E7+E8+E11+E12+E13+E14+E17+E18+E19+E20+Y23,E26+E27+E28+E29+E32+E33+E34+E35+E38) -> 5210 | F48: =SUM(F3+F5+F6+F7+F8+F11+F12+F13+F14+F17+F18+F19+F20+Z23,F26+F27+F28+F29+F32+F33+F34+F35+F38) -> 142 | G48: =SUM(G3+G5+G6+G7+G8+G11+G12+G13+G14+G17+G18+G19+G20+AA23,G26+G27+G28+G29+G32+G33+G34+G35+G38) -> 142 | H48: =SUM(H3+H5+H6+H7+H8+H11+H12+H13+H14+H17+H18+H19+H20+AB23,H26+H27+H28+H29+H32+H33+H34+H35+H38) -> 289 | I48: =SUM(I3+I5+I6+I7+I8+I11+I12+I13+I14+I17+I18+I19+I20+AC23,I26+I27+I28+I29+I32+I33+I34+I35+I38) -> 79 | J48: =SUM(J3+J5+J6+J7+J8+J11+J12+J13+J14+J17+J18+J19+J20+AD23,J26+J27+J28+J29+J32+J33+J34+J35+J38) -> 207 | K48: =SUM(K3+K5+K6+K7+K8+K11+K12+K13+K14+K17+K18+K19+K20+AE23,K26+K27+K28+K29+K32+K33+K34+K35+K38) -> 159 | L48: =SUM(L3+L5+L6+L7+L8+L11+L12+L13+L14+L17+L18+L19+L20+AF23,L26+L27+L28+L29+L32+L33+L34+L35+L38) -> 201 | ... Q48: =SUM(Q3+Q5+Q6+Q7+Q8+Q11+Q12+Q13+Q14+Q17+Q18+Q19+Q20+AK23,Q26+Q27+Q28+Q29+Q32+Q33+Q34+Q35+Q38) -> 128 | R48: =SUM(F48:Q48) -> 2407 | S48: =AVERAGE(F48:N48) -> 190.88889 | T48: =U48/S48 -> 14.683935 | U48: =SUM(E48-R48) -> 2803
C49: Whites | D49: 754.75 | E49: =SUM(E15+E16+E21+E22+E24+E30+E31+E36+E37+E39+E41) -> #VALUE! | F49: =SUM(F15+F16+F21+F22+F24+F30+F31+F36+F37+F39+F41) -> 125 | G49: =SUM(G15+G16+G21+G22+G24+G30+G31+G36+G37+G39+G41) -> 55 | H49: =SUM(H15+H16+H21+H22+H24+H30+H31+H36+H37+H39+H41) -> 161 | I49: =SUM(I15+I16+I21+I22+I24+I30+I31+I36+I37+I39+I41) -> 165 | J49: =SUM(J15+J16+J21+J22+J24+J30+J31+J36+J37+J39+J41) -> 214 | K49: =SUM(K15+K16+K21+K22+K24+K30+K31+K36+K37+K39+K41) -> 226 | L49: =SUM(L15+L16+L21+L22+L24+L30+L31+L36+L37+L39+L41) -> 288 | ... Q49: =SUM(Q15+Q16+Q21+Q22+Q24+Q30+Q31+Q36+Q37+Q39+Q41) -> #VALUE! | R49: =SUM(F49:Q49) -> #VALUE! | S49: =AVERAGE(F49:N49) -> 178.11111 | T49: =U49/S49 -> #VALUE! | U49: =SUM(E49-R49) -> #VALUE!

Sheet hp

Sheet 2013
J1: Bulk wines | K1: 2013 vintage
D2: Shiners | E2: 56 ‘12 pv | J2: Red | K2: 9200 | L2: gal | M2: including 1200 gal of reds stored at VH
D3: at VHCW | E3: 84 ‘11 cf | J3: white | K3: 11087 | L3: gal | M3: including 2300 gal of delaney made at PC
E4: 68 ‘10 ameritage
B7: CASES MOVED PER MONTH
A8: ABC # | B8: Year | C8: Wine | D8: 2011 Monthly Avg. | E8: 2013 BOY Inventory | F8: Jan | G8: Feb | H8: Mar | I8: Apr | J8: May | K8: Jun | L8: Jul | M8: Aug | N8: Sep | O8: Oct | P8: Nov | Q8: Dec | R8: Totals | S8: 2012 Monthly Avg. | T8: Months Left | U8: Remaining Inventory | X8: Tasting Room | Y8: Totals
B9: 2009 | C9: Ameritage Reserve | D9: 22 | E9: 21 | F9: 21 | G9: 0 | R9: =SUM(F9:Q9) -> 21 | S9: =AVERAGE(F9:Q9) -> 10.5 | T9: =U9/S9 -> 0 | U9: =SUM(E9-R9) -> 0
B10: 2009 | C10: Cab Franc | D10: 29 | E10: 118 | F10: 23 | G10: 17 | H10: 14 | I10: 34 | J10: 28 | K10: 2 | R10: =SUM(F10:Q10) -> 118 | S10: =AVERAGE(F10:Q10) -> 19.666667 | T10: =U10/S10 -> 0 | U10: =SUM(E10-R10) -> 0
B11: 2009 | C11: Merlot | D11: 16 | E11: 13 | F11: 13 | G11: 0 | R11: =SUM(F11:Q11) -> 13 | S11: =AVERAGE(F11:Q11) -> 6.5 | T11: =U11/S11 -> 0 | U11: =SUM(E11-R11) -> 0
A13: 57630 | B13: 2010 | C13: Chardonnay | D13: 38 | E13: 255 | F13: 25 | G13: 29 | H13: 26 | I13: 38 | J13: 35 | K13: 35 | L13: 48 | M13: 19 | R13: =SUM(F13:Q13) -> 255 | S13: =AVERAGE(F13:Q13) -> 31.875 | T13: =U13/S13 -> 0 | U13: =SUM(E13-R13) -> 0
A14: 65560 | B14: 2010 | C14: Hen's Night | D14: 30 | E14: 84 | F14: 11 | G14: 10 | H14: 9 | I14: 17 | J14: 21 | R14: =SUM(F14:Q14) -> 68 | S14: =AVERAGE(F14:Q14) -> 13.6 | T14: =U14/S14 -> 0 | U14: 0
A15: 57632 | B15: 2010 | C15: Viognier | D15: 31 | E15: 151 | F15: 19 | G15: 18 | H15: 16 | I15: 62 | J15: 36 | R15: =SUM(F15:Q15) -> 151 | S15: =AVERAGE(F15:Q15) -> 30.2 | T15: =U15/S15 -> 0 | U15: =SUM(E15-R15) -> 0
A16: 22382 | B16: 2010 | C16: Cab Franc | D16: 29 | E16: 283 | F16: 13 | G16: 6 | H16: 4 | I16: 0 | J16: 0 | K16: 30 | L16: 34 | M16: 28 | N16: 44 | O16: 42 | P16: 24 | Q16: 22 | R16: =SUM(F16:Q16) -> 247 | S16: =AVERAGE(F16:Q16) -> 20.583333 | T16: =U16/S16 -> 1.7489879 | U16: =SUM(E16-R16) -> 36 | X16: 3 | Y16: =U16+X16 -> 39
A17: 22834 | B17: 2010 | C17: Merlot | D17: 16 | E17: 308 | F17: 2 | G17: 12 | H17: 12 | I17: 6 | J17: 30 | K17: 14 | L17: 20 | M17: 3 | N17: 19 | O17: 33 | P17: 22 | Q17: 59 | R17: =SUM(F17:Q17) -> 232 | S17: =AVERAGE(F17:Q17) -> 19.333333 | T17: =U17/S17 -> 3.9310345 | U17: =SUM(E17-R17) -> 76 | X17: 4 | Y17: =U17+X17 -> 80
A18: 28361 | B18: 2010 | C18: Cab Sauv | D18: 25 | E18: 238 | F18: 16 | G18: 15 | H18: 18 | I18: 22 | J18: 25 | K18: 18 | L18: 21 | M18: 19 | N18: 30 | O18: 35 | P18: 13 | Q18: 6 | R18: =SUM(F18:Q18) -> 238 | S18: =AVERAGE(F18:Q18) -> 19.833333 | T18: =U18/S18 -> 0 | U18: =SUM(E18-R18) -> 0 | Y18: =U18+X18 -> 0
A19: 27736 | B19: 2010 | C19: Petite Verdot | D19: 21 | E19: 301 | F19: 23 | G19: 22 | H19: 15 | I19: 15 | J19: 45 | K19: 25 | L19: 27 | M19: 23 | N19: 38 | O19: 39 | P19: 20 | Q19: 9 | R19: =SUM(F19:Q19) -> 301 | S19: =AVERAGE(F19:Q19) -> 25.083333 | T19: =U19/S19 -> 0 | U19: =SUM(E19-R19) -> 0 | Y19: =U19+X19 -> 0
A20: 18004 | B20: 2010 | C20: Malbec | D20: 12 | E20: 168 | F20: 16 | G20: 8 | H20: 7 | I20: 12 | J20: 11 | K20: 6 | L20: 12 | M20: 16 | N20: 13 | O20: 19 | P20: 8 | Q20: 8 | R20: =SUM(F20:Q20) -> 136 | S20: =AVERAGE(F20:Q20) -> 11.333333 | T20: =U20/S20 -> 2.8235294 | U20: =SUM(E20-R20) -> 32 | X20: 3 | Y20: =U20+X20 -> 35
A21: 34641 | B21: 2010 | C21: Ameritage Res | D21: 22 | E21: 573 | F21: 8 | G21: 24 | H21: 27 | I21: 20 | J21: 21 | K21: 20 | L21: 27 | M21: 21 | N21: 34 | O21: 53 | P21: 16 | Q21: 24 | R21: =SUM(F21:Q21) -> 295 | S21: =AVERAGE(F21:Q21) -> 24.583333 | T21: =U21/S21 -> 11.308475 | U21: =SUM(E21-R21) -> 278 | X21: 4 | Y21: =U21+X21 -> 282
A22: 22921 | B22: 2010 | C22: Ameritage | D22: 37 | E22: 396 | F22: 43 | G22: 21 | H22: 9 | I22: 24 | J22: 46 | K22: 0 | L22: 7 | M22: 10 | N22: 26 | O22: 47 | P22: 35 | Q22: 46 | R22: =SUM(F22:Q22) -> 314 | S22: =AVERAGE(F22:Q22) -> 26.166667 | T22: =U22/S22 -> 3.133758 | U22: =SUM(E22-R22) -> 82 | X22: 2 | Y22: =U22+X22 -> 84
A23: 38269 | B23: 2010 | C23: LH Petit Manseng | D23: 13 | E23: 210 | F23: 20 | G23: 6 | H23: 6 | I23: 14 | J23: 13 | K23: 13 | L23: 15 | M23: 3 | N23: 17 | O23: 16 | P23: 14 | Q23: 4 | R23: =SUM(F23:Q23) -> 141 | S23: =AVERAGE(F23:Q23) -> 11.75 | T23: =U23/S23 -> 5.8723404 | U23: =SUM(E23-R23) -> 69 | X23: 3 | Y23: =U23+X23 -> 72
F24: 1 | Y24: =U24+X24 -> 0
A25: 11198 | B25: 2011 | C25: Petit Manseng | D25: 25 | E25: 281 | F25: 46 | G25: 25 | H25: 210 | R25: =SUM(F25:Q25) -> 281 | S25: =AVERAGE(F25:Q25) -> 93.666667 | T25: =U25/S25 -> 0 | U25: =SUM(E25-R25) -> 0 | Y25: =U25+X25 -> 0
A26: 57630 | B26: 2011 | C26: Chardonnay | D26: 38 | E26: 535 | F26: 1 | G26: 0 | H26: 0 | I26: 4 | J26: 0 | K26: 0 | L26: 0 | M26: 0 | N26: 22 | O26: 24 | P26: 0 | Q26: 60 | R26: =SUM(F26:Q26) -> 111 | S26: =AVERAGE(F26:Q26) -> 9.25 | T26: =U26/S26 -> 45.837838 | U26: =SUM(E26-R26) -> 424 | V26: 65 | W26: shiners | X26: 6 | Y26: =U26+X26 -> 430
A27: 57632 | B27: 2011 | C27: Viognier | D27: 31 | E27: 487 | F27: 1 | G27: 5 | H27: 3 | I27: 12 | J27: 18 | K27: 29 | L27: 41 | M27: 36 | N27: 143 | O27: 107 | P27: 0 | Q27: 0 | R27: =SUM(F27:Q27) -> 395 | S27: =AVERAGE(F27:Q27) -> 32.916667 | T27: =U27/S27 -> 2.7949367 | U27: =SUM(E27-R27) -> 92 | Y27: =U27+X27 -> 92
A28: 57631 | B28: 2011 | C28: Riesling | D28: 29 | E28: 147 | F28: 19 | G28: 0 | H28: 128 | R28: =SUM(F28:Q28) -> 147 | S28: =AVERAGE(F28:Q28) -> 49 | T28: =U28/S28 -> 0 | U28: =SUM(E28-R28) -> 0 | V28: 128 | W28: used | Y28: =U28+X28 -> 0
A29: 22384 | B29: 2011 | C29: Merlot | D29: 16 | E29: 243 | F29: 2 | G29: 0 | H29: 0 | I29: 0 | J29: 0 | K29: 0 | L29: 0 | M29: 0 | N29: 0 | O29: 0 | R29: =SUM(F29:Q29) -> 2 | S29: =AVERAGE(F29:Q29) -> 0.2 | T29: =U29/S29 -> 1205 | U29: =SUM(E29-R29) -> 241 | Y29: =U29+X29 -> 241
A30: 22382 | B30: 2011 | C30: Cab Franc | D30: 29 | E30: 179 | F30: 1 | G30: 0 | H30: 0 | I30: 0 | J30: 0 | K30: 0 | L30: 0 | M30: 0 | N30: 0 | O30: 0 | R30: =SUM(F30:Q30) -> 1 | S30: =AVERAGE(F30:Q30) -> 0.1 | T30: =U30/S30 -> 1780 | U30: =SUM(E30-R30) -> 178 | Y30: =U30+X30 -> 178
A31: 28361 | B31: 2011 | C31: Cab Sauv | D31: 25 | E31: 202 | F31: 5 | G31: 0 | H31: 3 | I31: 1 | J31: 3 | K31: 0 | L31: 0 | M31: 0 | N31: 0 | O31: 0 | Q31: 16 | R31: =SUM(F31:Q31) -> 28 | S31: =AVERAGE(F31:Q31) -> 2.5454545 | T31: =U31/S31 -> 68.357143 | U31: =SUM(E31-R31) -> 174 | X31: 1 | Y31: =U31+X31 -> 175
A32: 27736 | B32: 2011 | C32: Petit Verdot | D32: 21 | E32: 171 | F32: 2 | G32: 6 | H32: 0 | I32: 0 | J32: 0 | K32: 0 | L32: 0 | M32: 0 | N32: 0 | O32: 0 | Q32: 10 | R32: =SUM(F32:Q32) -> 18 | S32: =AVERAGE(F32:Q32) -> 1.6363636 | T32: =U32/S32 -> 93.5 | U32: =SUM(E32-R32) -> 153 | X32: 4 | Y32: =U32+X32 -> 157
A33: 22921 | B33: 2011 | C33: Ameritage | D33: 37 | E33: 344 | F33: 1 | G33: 0 | H33: 11 | I33: 0 | J33: 0 | K33: 0 | L33: 0 | M33: 4 | N33: 0 | O33: 0 | R33: =SUM(F33:Q33) -> 16 | S33: =AVERAGE(F33:Q33) -> 1.6 | T33: =U33/S33 -> 205 | U33: =SUM(E33-R33) -> 328 | Y33: =U33+X33 -> 328
A34: 26415 | B34: 2011 | C34: LH Tram | D34: 13 | E34: 359 | F34: 1 | G34: 4 | H34: 0 | I34: 0 | J34: 6 | K34: 14 | L34: 11 | M34: 13 | N34: 15 | O34: 16 | P34: 9 | Q34: 7 | R34: =SUM(F34:Q34) -> 96 | S34: =AVERAGE(F34:Q34) -> 8 | T34: =U34/S34 -> 32.875 | U34: =SUM(E34-R34) -> 263 | X34: 3 | Y34: =U34+X34 -> 266
Y35: =U35+X35 -> 0
A36: 57631 | B36: 2012 | C36: Riesling | E36: 547 | G36: 1 | H36: 89 | I36: 54 | J36: 64 | K36: 46 | L36: 72 | M36: 53 | N36: 66 | O36: 68 | P36: 34 | R36: =SUM(F36:Q36) -> 547 | S36: =AVERAGE(F36:Q36) -> 54.7 | T36: =U36/S36 -> 0 | U36: =SUM(E36-R36) -> 0 | Y36: =U36+X36 -> 0
A37: 11198 | B37: 2012 | C37: Petite Manseng | E37: 332 | I37: 37 | J37: 29 | K37: 27 | L37: 32 | M37: 30 | N37: 33 | O37: 40 | P37: 21 | Q37: 13 | R37: =SUM(F37:Q37) -> 262 | S37: =AVERAGE(F37:Q37) -> 29.111111 | T37: =U37/S37 -> 2.4045802 | U37: =SUM(E37-R37) -> 70 | X37: 4 | Y37: =U37+X37 -> 74
A38: 57632 | B38: 2012 | C38: Viognier | E38: 278 | M38: 3 | N38: 0 | O38: 0 | R38: =SUM(F38:Q38) -> 3 | S38: =AVERAGE(F38:Q38) -> 1 | T38: =U38/S38 -> 275 | U38: =SUM(E38-R38) -> 275 | X38: 4 | Y38: =U38+X38 -> 279
A39: 57630 | B39: 2012 | C39: Chardonnay | E39: 334 | M39: 1 | N39: 0 | O39: 0 | R39: =SUM(F39:Q39) -> 1 | S39: =AVERAGE(F39:Q39) -> 0.33333333 | T39: =U39/S39 -> 999 | U39: =SUM(E39-R39) -> 333 | V39: 24 | W39: shiners | Y39: =U39+X39 -> 333
A40: 22384 | B40: 2012 | C40: Merlot | E40: 395 | M40: 0 | N40: 0 | O40: 0 | R40: =SUM(F40:Q40) -> 0 | S40: =AVERAGE(F40:Q40) -> 0 | T40: =U40/S40 -> #DIV/0! | U40: =SUM(E40-R40) -> 395 | X40: 1 | Y40: =U40+X40 -> 396
A41: 22382 | B41: 2012 | C41: Cab Franc | E41: 449 | M41: 0 | N41: 0 | O41: 0 | R41: =SUM(F41:Q41) -> 0 | S41: =AVERAGE(F41:Q41) -> 0 | T41: =U41/S41 -> #DIV/0! | U41: =SUM(E41-R41) -> 449 | Y41: =U41+X41 -> 449
A42: 27736 | B42: 2012 | C42: Petit Verdot | E42: 392 | M42: 0 | N42: 0 | O42: 0 | R42: =SUM(F42:Q42) -> 0 | S42: =AVERAGE(F42:Q42) -> 0 | T42: =U42/S42 -> #DIV/0! | U42: =SUM(E42-R42) -> 392 | X42: 1 | Y42: =U42+X42 -> 393
A43: 28361 | B43: 2012 | C43: Cab Sauv | E43: 497 | R43: =SUM(F43:Q43) -> 0 | S43: =AVERAGE(F43:Q43) -> #DIV/0! | T43: =U43/S43 -> #DIV/0! | U43: =SUM(E43-R43) -> 497 | X43: 1 | Y43: =U43+X43 -> 498
A44: 22921 | B44: 2012 | C44: Ameritage | E44: 579 | R44: =SUM(F44:Q44) -> 0 | S44: =AVERAGE(F44:Q44) -> #DIV/0! | T44: =U44/S44 -> #DIV/0! | U44: =SUM(E44-R44) -> 579 | Y44: =U44+X44 -> 579
A45: 34641 | B45: 2012 | C45: Ameritage Reserve | E45: 294 | R45: =SUM(F45:Q45) -> 0 | S45: =AVERAGE(F45:Q45) -> #DIV/0! | T45: =U45/S45 -> #DIV/0! | U45: =SUM(E45-R45) -> 294 | X45: 1 | Y45: =U45+X45 -> 295
A46: 30306 | B46: 2012 | C46: Vin de Sol | E46: 110 | L46: 10 | M46: 16 | N46: 14 | O46: 12 | P46: 10 | Q46: 7 | R46: =SUM(F46:Q46) -> 69 | S46: =AVERAGE(F46:Q46) -> 11.5 | T46: =U46/S46 -> 3.5652174 | U46: =SUM(E46-R46) -> 41 | Y46: =U46+X46 -> 41
C47: Collaberation | Y47: =U47+X47 -> 0
C48: Farm Use Wines | E48: 100 | Q48: 29 | R48: =SUM(F48:Q48) -> 29 | S48: =AVERAGE(F48:Q48) -> 29 | T48: =U48/S48 -> 2.4482759 | U48: =SUM(E48-R48) -> 71 | X48: 11 | Y48: =U48+X48 -> 82
C49: 1991 Brut | E49: 15 | Q49: 9 | R49: =SUM(F49:Q49) -> 9 | S49: =AVERAGE(F49:Q49) -> 9 | T49: =U49/S49 -> 0.66666667 | U49: =SUM(E49-R49) -> 6 | Y49: =U49+X49 -> 6
C50: 2000 Brut | E50: 15 | Q50: 1 | R50: =SUM(F50:Q50) -> 1 | S50: =AVERAGE(F50:Q50) -> 1 | T50: =U50/S50 -> 14 | U50: =SUM(E50-R50) -> 14 | Y50: =U50+X50 -> 14
B52: 2009 | E52: =SUM(E9:E11) -> 152 | F52: =SUM(F9:F11) -> 57 | G52: =SUM(G9:G11) -> 17 | H52: =SUM(H9:H11) -> 14 | I52: =SUM(I9:I11) -> 34 | J52: =SUM(J9:J11) -> 28 | K52: =SUM(K9:K11) -> 2 | L52: =SUM(L9:L11) -> 0 | ... R52: =SUM(R9:R11) -> 152 | S52: =AVERAGE(F52:Q52) -> 12.666667 | T52: =U52/S52 -> 0 | U52: =SUM(U9:U11) -> 0
B53: 2010 | E53: =SUM(E13:E23) -> 2967 | F53: =SUM(F13:F23) -> 196 | G53: =SUM(G13:G23) -> 171 | H53: =SUM(H13:H23) -> 149 | I53: =SUM(I13:I23) -> 230 | J53: =SUM(J13:J23) -> 283 | K53: =SUM(K13:K23) -> 161 | L53: =SUM(L13:L23) -> 211 | ... R53: =SUM(R13:R23) -> 2378 | S53: =AVERAGE(F53:Q53) -> 198.16667 | T53: =U53/S53 -> 2.8915055 | U53: =SUM(U13:U23) -> 573
B54: 2011 | E54: =SUM(E25:E34) -> 2948 | F54: =SUM(F25:F34) -> 79 | G54: =SUM(G25:G34) -> 40 | H54: =SUM(H25:H34) -> 355 | I54: =SUM(I25:I34) -> 17 | J54: =SUM(J25:J34) -> 27 | K54: =SUM(K25:K34) -> 43 | L54: =SUM(L25:L34) -> 52 | ... R54: =SUM(R25:R34) -> 1095 | S54: =AVERAGE(F54:Q54) -> 91.25 | T54: =U54/S54 -> 20.306849 | U54: =SUM(U25:U34) -> 1853
B55: 2012 | E55: =SUM(E36:E48) -> 4307 | F55: =SUM(F36:F48) -> 0 | G55: =SUM(G36:G48) -> 1 | H55: =SUM(H36:H48) -> 89 | I55: =SUM(I36:I48) -> 91 | J55: =SUM(J36:J48) -> 93 | K55: =SUM(K36:K48) -> 73 | L55: =SUM(L36:L48) -> 114 | ... R55: =SUM(R36:R48) -> 911 | S55: =AVERAGE(F55:Q55) -> 75.916667 | T55: =U55/S55 -> 44.73326 | U55: =SUM(U36:U48) -> 3396
B56: TOTAL | E56: =SUM(E52:E55) -> 10374 | F56: =SUM(F52:F55) -> 332 | G56: =SUM(G52:G55) -> 229 | H56: =SUM(H52:H55) -> 607 | I56: =SUM(I52:I55) -> 372 | J56: =SUM(J52:J55) -> 431 | K56: =SUM(K52:K55) -> 279 | L56: =SUM(L52:L55) -> 377 | ... S56: =SUM(S52:S55) -> 378 | T56: =U56/S56 -> 15.402116 | U56: =SUM(U52:U55) -> 5822 | Y56: =SUM(Y16:Y55) -> 5898
B59: IN-BOND TRANSFERS | E59: Starting Cases | F59: In(+) or Out(-) Cases | R59: Remaining Cases
B67: IN-BOND TRANSFERS | E67: Starting Gallons | F67: In(+) or Out(-) Bulk Gallons | R67: Remaining Gallons

Sheet 2011
A5: CASES MOVED PER MONTH
A6: Year | C6: Wine | D6: 2011 Monthly Avg. | E6: 2012 BOY Inventory | F6: Jan | G6: Feb | H6: Mar | I6: Apr | J6: May | K6: Jun | L6: Jul | M6: Aug | N6: Sep | O6: Oct | P6: Nov | Q6: Dec | R6: Totals | S6: 2012 Monthly Avg. | T6: Months Left | U6: Remaining Inventory
A7: 2009 | C7: Ameritage Reserve | D7: 22 | E7: 21 | F7: 21 | G7: 0 | R7: =SUM(F7:Q7) -> 21 | S7: =AVERAGE(F7:Q7) -> 10.5 | T7: =U7/S7 -> 0 | U7: =SUM(E7-R7) -> 0
A8: 2009 | C8: Cab Franc | D8: 29 | E8: 118 | F8: 23 | G8: 17 | H8: 14 | I8: 34 | R8: =SUM(F8:Q8) -> 88 | S8: =AVERAGE(F8:Q8) -> 22 | T8: =U8/S8 -> 1.3636364 | U8: =SUM(E8-R8) -> 30
A9: 2009 | C9: Merlot | D9: 16 | E9: 13 | F9: 13 | G9: 0 | R9: =SUM(F9:Q9) -> 13 | S9: =AVERAGE(F9:Q9) -> 6.5 | T9: =U9/S9 -> 0 | U9: =SUM(E9-R9) -> 0
A11: 2010 | C11: Chardonnay | D11: 38 | E11: 255 | F11: 25 | G11: 29 | H11: 26 | I11: 38 | R11: =SUM(F11:Q11) -> 118 | S11: =AVERAGE(F11:Q11) -> 29.5 | T11: =U11/S11 -> 4.6440678 | U11: =SUM(E11-R11) -> 137
A12: 2010 | C12: Hen's Night | D12: 30 | E12: 84 | F12: 11 | G12: 10 | H12: 9 | I12: 17 | R12: =SUM(F12:Q12) -> 47 | S12: =AVERAGE(F12:Q12) -> 11.75 | T12: =U12/S12 -> 3.1489362 | U12: =SUM(E12-R12) -> 37 | V12: 3
A13: 2010 | C13: Viognier | D13: 31 | E13: 151 | F13: 19 | G13: 18 | H13: 16 | I13: 62 | R13: =SUM(F13:Q13) -> 115 | S13: =AVERAGE(F13:Q13) -> 28.75 | T13: =U13/S13 -> 1.2521739 | U13: =SUM(E13-R13) -> 36
A14: 2010 | C14: Cab Franc | D14: 29 | E14: 283 | F14: 13 | G14: 6 | H14: 4 | I14: 0 | R14: =SUM(F14:Q14) -> 23 | S14: =AVERAGE(F14:Q14) -> 5.75 | T14: =U14/S14 -> 45.217391 | U14: =SUM(E14-R14) -> 260
A15: 2010 | C15: Merlot | D15: 16 | E15: 308 | F15: 2 | G15: 12 | H15: 12 | I15: 6 | R15: =SUM(F15:Q15) -> 32 | S15: =AVERAGE(F15:Q15) -> 8 | T15: =U15/S15 -> 34.5 | U15: =SUM(E15-R15) -> 276
A16: 2010 | C16: Cab Sauv | D16: 25 | E16: 238 | F16: 16 | G16: 15 | H16: 18 | I16: 22 | R16: =SUM(F16:Q16) -> 71 | S16: =AVERAGE(F16:Q16) -> 17.75 | T16: =U16/S16 -> 9.4084507 | U16: =SUM(E16-R16) -> 167
A17: 2010 | C17: Petite Verdot | D17: 21 | E17: 301 | F17: 23 | G17: 22 | H17: 15 | I17: 15 | R17: =SUM(F17:Q17) -> 75 | S17: =AVERAGE(F17:Q17) -> 18.75 | T17: =U17/S17 -> 12.053333 | U17: =SUM(E17-R17) -> 226
A18: 2010 | C18: Malbec | D18: 12 | E18: 168 | F18: 16 | G18: 8 | H18: 7 | I18: 12 | R18: =SUM(F18:Q18) -> 43 | S18: =AVERAGE(F18:Q18) -> 10.75 | T18: =U18/S18 -> 11.627907 | U18: =SUM(E18-R18) -> 125 | V18: 3
A19: 2010 | C19: Ameritage Res | D19: 22 | E19: 573 | F19: 8 | G19: 24 | H19: 27 | I19: 20 | R19: =SUM(F19:Q19) -> 79 | S19: =AVERAGE(F19:Q19) -> 19.75 | T19: =U19/S19 -> 25.012658 | U19: =SUM(E19-R19) -> 494 | V19: 5
A20: 2010 | C20: Ameritage | D20: 37 | E20: 396 | F20: 43 | G20: 21 | H20: 9 | I20: 24 | R20: =SUM(F20:Q20) -> 97 | S20: =AVERAGE(F20:Q20) -> 24.25 | T20: =U20/S20 -> 12.329897 | U20: =SUM(E20-R20) -> 299
A21: 2010 | C21: LH Petit Manseng | D21: 13 | E21: 210 | F21: 20 | G21: 6 | H21: 6 | I21: 14 | R21: =SUM(F21:Q21) -> 46 | S21: =AVERAGE(F21:Q21) -> 11.5 | T21: =U21/S21 -> 14.26087 | U21: =SUM(E21-R21) -> 164
F22: 1
A23: 2011 | C23: Petit Manseng | D23: 25 | E23: 281 | F23: 46 | G23: 25 | H23: 210 | R23: =SUM(F23:Q23) -> 281 | S23: =AVERAGE(F23:Q23) -> 93.666667 | T23: =U23/S23 -> 0 | U23: =SUM(E23-R23) -> 0 | V23: 19 remaining cases, 25 sold, the remainder recycled.
A24: 2011 | C24: Chardonnay | D24: 38 | E24: 535 | F24: 1 | G24: 0 | H24: 0 | I24: 4 | R24: =SUM(F24:Q24) -> 5 | S24: =AVERAGE(F24:Q24) -> 1.25 | T24: =U24/S24 -> 424 | U24: =SUM(E24-R24) -> 530
A25: 2011 | C25: Viognier | D25: 31 | E25: 487 | F25: 1 | G25: 5 | H25: 3 | I25: 12 | R25: =SUM(F25:Q25) -> 21 | S25: =AVERAGE(F25:Q25) -> 5.25 | T25: =U25/S25 -> 88.761905 | U25: =SUM(E25-R25) -> 466
A26: 2011 | C26: Riesling | D26: 29 | E26: 147 | F26: 19 | G26: 0 | H26: 128 | R26: =SUM(F26:Q26) -> 147 | S26: =AVERAGE(F26:Q26) -> 49 | T26: =U26/S26 -> 0 | U26: =SUM(E26-R26) -> 0 | V26: All 128 cases recycled into other bulk wines.
A27: 2011 | C27: Merlot | D27: 16 | E27: 243 | F27: 2 | G27: 0 | H27: 0 | I27: 0 | R27: =SUM(F27:Q27) -> 2 | S27: =AVERAGE(F27:Q27) -> 0.5 | T27: =U27/S27 -> 482 | U27: =SUM(E27-R27) -> 241
A28: 2011 | C28: Cab Franc | D28: 29 | E28: 179 | F28: 1 | G28: 0 | H28: 0 | I28: 0 | R28: =SUM(F28:Q28) -> 1 | S28: =AVERAGE(F28:Q28) -> 0.25 | T28: =U28/S28 -> 712 | U28: =SUM(E28-R28) -> 178
A29: 2011 | C29: Cab Sauv | D29: 25 | E29: 202 | F29: 5 | G29: 0 | H29: 3 | I29: 1 | R29: =SUM(F29:Q29) -> 9 | S29: =AVERAGE(F29:Q29) -> 2.25 | T29: =U29/S29 -> 85.777778 | U29: =SUM(E29-R29) -> 193
A30: 2011 | C30: Petit Verdot | D30: 21 | E30: 171 | F30: 2 | G30: 6 | H30: 0 | I30: 0 | R30: =SUM(F30:Q30) -> 8 | S30: =AVERAGE(F30:Q30) -> 2 | T30: =U30/S30 -> 81.5 | U30: =SUM(E30-R30) -> 163
A31: 2011 | C31: Ameritage | D31: 37 | E31: 344 | F31: 1 | G31: 0 | H31: 11 | I31: 0 | R31: =SUM(F31:Q31) -> 12 | S31: =AVERAGE(F31:Q31) -> 3 | T31: =U31/S31 -> 110.66667 | U31: =SUM(E31-R31) -> 332
A32: 2011 | C32: LH Tram | D32: 13 | E32: 359 | F32: 1 | G32: 4 | H32: 0 | I32: 0 | R32: =SUM(F32:Q32) -> 5 | S32: =AVERAGE(F32:Q32) -> 1.25 | T32: =U32/S32 -> 283.2 | U32: =SUM(E32-R32) -> 354
A34: 2012 | C34: Riesling | E34: 547 | G34: 1 | H34: 89 | I34: 54 | R34: =SUM(F34:Q34) -> 144 | S34: =AVERAGE(F34:Q34) -> 48 | T34: =U34/S34 -> 8.3958333 | U34: =SUM(E34-R34) -> 403
A35: 2012 | C35: Petite Manseng | E35: 332 | I35: 37 | R35: =SUM(F35:Q35) -> 37 | S35: =AVERAGE(F35:Q35) -> 37 | T35: =U35/S35 -> 7.972973 | U35: =SUM(E35-R35) -> 295
R36: =SUM(F36:Q36) -> 0 | S36: =AVERAGE(F36:Q36) -> #DIV/0! | T36: =U36/S36 -> #DIV/0! | U36: =SUM(E36-R36) -> 0
R37: =SUM(F37:Q37) -> 0 | S37: =AVERAGE(F37:Q37) -> #DIV/0! | T37: =U37/S37 -> #DIV/0! | U37: =SUM(E37-R37) -> 0
R38: =SUM(F38:Q38) -> 0 | S38: =AVERAGE(F38:Q38) -> #DIV/0! | T38: =U38/S38 -> #DIV/0! | U38: =SUM(E38-R38) -> 0
R39: =SUM(F39:Q39) -> 0 | S39: =AVERAGE(F39:Q39) -> #DIV/0! | T39: =U39/S39 -> #DIV/0! | U39: =SUM(E39-R39) -> 0
R40: =SUM(F40:Q40) -> 0 | S40: =AVERAGE(F40:Q40) -> #DIV/0! | T40: =U40/S40 -> #DIV/0! | U40: =SUM(E40-R40) -> 0
R41: =SUM(F41:Q41) -> 0 | S41: =AVERAGE(F41:Q41) -> #DIV/0! | T41: =U41/S41 -> #DIV/0! | U41: =SUM(E41-R41) -> 0
A43: 2009 | E43: =SUM(E7:E9) -> 152 | F43: =SUM(F7:F9) -> 57 | G43: =SUM(G7:G9) -> 17 | H43: =SUM(H7:H9) -> 14 | I43: =SUM(I7:I9) -> 34 | J43: =SUM(J7:J9) -> 0 | K43: =SUM(K7:K9) -> 0 | L43: =SUM(L7:L9) -> 0 | ... R43: =SUM(R7:R9) -> 122 | S43: =AVERAGE(F43:Q43) -> 10.166667 | T43: =U43/S43 -> 2.9508197 | U43: =SUM(U7:U9) -> 30
A44: 2010 | E44: =SUM(E11:E21) -> 2967 | F44: =SUM(F11:F21) -> 196 | G44: =SUM(G11:G21) -> 171 | H44: =SUM(H11:H21) -> 149 | I44: =SUM(I11:I21) -> 230 | J44: =SUM(J11:J21) -> 0 | K44: =SUM(K11:K21) -> 0 | L44: =SUM(L11:L21) -> 0 | ... R44: =SUM(R11:R21) -> 746 | S44: =AVERAGE(F44:Q44) -> 62.166667 | T44: =U44/S44 -> 35.726542 | U44: =SUM(U11:U21) -> 2221
A45: 2011 | E45: =SUM(E23:E41) -> 3827 | F45: =SUM(F23:F41) -> 79 | G45: =SUM(G23:G41) -> 41 | H45: =SUM(H23:H41) -> 444 | I45: =SUM(I23:I41) -> 108 | J45: =SUM(J23:J41) -> 0 | K45: =SUM(K23:K41) -> 0 | L45: =SUM(L23:L41) -> 0 | ... R45: =SUM(R23:R41) -> 672 | S45: =AVERAGE(F45:Q45) -> 56 | T45: =U45/S45 -> 56.339286 | U45: =SUM(U23:U41) -> 3155
A46: 2012
A47: TOTAL | E47: =SUM(E43:E46) -> 6946 | F47: =SUM(F43:F46) -> 332 | G47: =SUM(G43:G46) -> 229 | H47: =SUM(H43:H46) -> 607 | I47: =SUM(I43:I46) -> 372 | J47: =SUM(J43:J46) -> 0 | K47: =SUM(K43:K46) -> 0 | L47: =SUM(L43:L46) -> 0 | ... S47: =SUM(S43:S46) -> 128.33333 | T47: =U47/S47 -> 42.124675 | U47: =SUM(U43:U46) -> 5406
A50: IN-BOND TRANSFERS | E50: Starting Cases | F50: In(+) or Out(-) Cases | R50: Remaining Cases
A58: IN-BOND TRANSFERS | E58: Starting Gallons | F58: In(+) or Out(-) Bulk Gallons | R58: Remaining Gallons

Sheet 2014
B7: CASES MOVED PER MONTH
A8: ABC # | B8: Year | C8: Wine | D8: 2013 Monthly Avg. | E8: 2014 BOY Inventory | F8: Jan | G8: Feb | H8: Mar | I8: Apr | J8: May | K8: Jun | L8: Jul | M8: Aug | N8: Sep | O8: Oct | P8: Nov | Q8: Dec | R8: Totals | S8: 2014 Monthly Avg. | T8: Months Left | U8: Remaining Inventory
A10: 22382 | B10: 2010 | C10: Cab Franc | D10: 29 | E10: 36 | F10: 20 | G10: 16 | R10: =SUM(F10:Q10) -> 36 | S10: =AVERAGE(F10:Q10) -> 18 | T10: =U10/S10 -> 0 | U10: =SUM(E10-R10) -> 0
A11: 22834 | B11: 2010 | C11: Merlot | D11: 16 | E11: 137 | F11: 20 | G11: 20 | H11: 6 | I11: 9 | J11: 24 | K11: 17 | L11: 22 | M11: 10 | R11: =SUM(F11:Q11) -> 128 | S11: =AVERAGE(F11:Q11) -> 16 | T11: =U11/S11 -> 0 | U11: 0
A12: 18004 | B12: 2010 | C12: Malbec | D12: 12 | E12: 32 | F12: 11 | G12: 21 | R12: =SUM(F12:Q12) -> 32 | S12: =AVERAGE(F12:Q12) -> 16 | T12: =U12/S12 -> 0 | U12: =SUM(E12-R12) -> 0
A13: 34641 | B13: 2010 | C13: Ameritage Res | D13: 22 | E13: 278 | F13: 9 | G13: 17 | H13: 22 | I13: 24 | J13: 23 | K13: 47 | L13: 29 | M13: 31 | N13: 28 | O13: 48 | R13: =SUM(F13:Q13) -> 278 | S13: =AVERAGE(F13:Q13) -> 27.8 | T13: =U13/S13 -> 0 | U13: =SUM(E13-R13) -> 0
A14: 22921 | B14: 2010 | C14: Ameritage | D14: 37 | E14: 150 | F14: 38 | G14: 59 | H14: 21 | I14: 12 | J14: 5 | K14: 15 | R14: =SUM(F14:Q14) -> 150 | S14: =AVERAGE(F14:Q14) -> 25 | T14: =U14/S14 -> 0 | U14: =SUM(E14-R14) -> 0
A15: 38269 | B15: 2010 | C15: LH Petit Manseng | D15: 13 | E15: 69 | F15: 5 | G15: 0 | H15: 14 | I15: 9 | J15: 10 | K15: 16 | R15: =SUM(F15:Q15) -> 54 | S15: =AVERAGE(F15:Q15) -> 9 | T15: =U15/S15 -> 0 | U15: 0
F16: 1
A17: 57630 | B17: 2011 | C17: Chardonnay | D17: 38 | E17: 458 | F17: 1 | G17: 17 | H17: 21 | I17: 33 | J17: 34 | K17: 28 | L17: 29 | M17: 24 | N17: 60 | O17: 34 | P17: 76 | Q17: 21 | R17: =SUM(F17:Q17) -> 378 | S17: =AVERAGE(F17:Q17) -> 31.5 | T17: =U17/S17 -> 2.5396825 | U17: =SUM(E17-R17) -> 80
A18: 57632 | B18: 2011 | C18: Viognier | D18: 31 | E18: 95 | F18: 1 | G18: 19 | H18: 18 | I18: 24 | J18: 33 | R18: =SUM(F18:Q18) -> 95 | S18: =AVERAGE(F18:Q18) -> 19 | T18: =U18/S18 -> 0 | U18: =SUM(E18-R18) -> 0
A19: 22384 | B19: 2011 | C19: Merlot | D19: 16 | E19: 241 | F19: 9 | G19: 1 | H19: 0 | I19: 0 | J19: 0 | K19: 7 | L19: 0 | M19: 0 | N19: 107 | O19: 36 | P19: 19 | Q19: 16 | R19: =SUM(F19:Q19) -> 195 | S19: =AVERAGE(F19:Q19) -> 16.25 | T19: =U19/S19 -> 2.8307692 | U19: =SUM(E19-R19) -> 46
A20: 22382 | B20: 2011 | C20: Cab Franc | D20: 29 | E20: 179 | F20: 6 | G20: 19 | H20: 20 | I20: 25 | J20: 32 | K20: 16 | L20: 43 | M20: 18 | R20: =SUM(F20:Q20) -> 179 | S20: =AVERAGE(F20:Q20) -> 22.375 | T20: =U20/S20 -> 0 | U20: =SUM(E20-R20) -> 0
A21: 28361 | B21: 2011 | C21: Cab Sauv | D21: 25 | E21: 174 | F21: 11 | G21: 9 | H21: 18 | I21: 15 | J21: 25 | K21: 17 | L21: 24 | M21: 11 | N21: 21 | O21: 13 | P21: 10 | R21: =SUM(F21:Q21) -> 174 | S21: =AVERAGE(F21:Q21) -> 15.818182 | T21: =U21/S21 -> 0 | U21: =SUM(E21-R21) -> 0
A22: 27736 | B22: 2011 | C22: Petit Verdot | D22: 21 | E22: 153 | F22: 7 | G22: 13 | H22: 15 | I22: 17 | J22: 18 | K22: 15 | L22: 4 | M22: 8 | N22: 39 | O22: 17 | R22: =SUM(F22:Q22) -> 153 | S22: =AVERAGE(F22:Q22) -> 15.3 | T22: =U22/S22 -> 0 | U22: =SUM(E22-R22) -> 0
A23: 22921 | B23: 2011 | C23: Ameritage | D23: 37 | E23: 328 | F23: 1 | G23: 0 | H23: 9 | I23: 0 | J23: 25 | K23: 65 | L23: 37 | M23: 20 | N23: 38 | O23: 44 | P23: 26 | Q23: 29 | R23: =SUM(F23:Q23) -> 294 | S23: =AVERAGE(F23:Q23) -> 24.5 | T23: =U23/S23 -> 1.3877551 | U23: =SUM(E23-R23) -> 34
A24: 26415 | B24: 2011 | C24: LH Tram | D24: 13 | E24: 263 | F24: 8 | G24: 9 | H24: 9 | I24: 33 | J24: 5 | K24: 0 | L24: 17 | M24: 9 | N24: 53 | O24: 0 | P24: 0 | Q24: 4 | R24: =SUM(F24:Q24) -> 147 | S24: =AVERAGE(F24:Q24) -> 12.25 | T24: =U24/S24 -> 9.4693878 | U24: =SUM(E24-R24) -> 116
A26: 11198 | B26: 2012 | C26: Petite Manseng | E26: 70 | F26: 14 | G26: 20 | H26: 19 | I26: 17 | R26: =SUM(F26:Q26) -> 70 | S26: =AVERAGE(F26:Q26) -> 17.5 | T26: =U26/S26 -> 0 | U26: =SUM(E26-R26) -> 0
A27: 57632 | B27: 2012 | C27: Viognier | E27: 275 | F27: 20 | G27: 0 | H27: 2 | I27: 0 | J27: 16 | K27: 43 | L27: 39 | M27: 38 | N27: 87 | O27: 30 | R27: =SUM(F27:Q27) -> 275 | S27: =AVERAGE(F27:Q27) -> 27.5 | T27: =U27/S27 -> 0 | U27: =SUM(E27-R27) -> 0
A28: 57630 | B28: 2012 | C28: Chardonnay | E28: 334 | F28: 28 | G28: 2 | H28: 0 | I28: 8 | J28: 0 | K28: 8 | L28: 10 | M28: 3 | N28: 22 | O28: 10 | P28: 0 | Q28: 23 | R28: =SUM(F28:Q28) -> 114 | S28: =AVERAGE(F28:Q28) -> 9.5 | T28: =U28/S28 -> 23.157895 | U28: =SUM(E28-R28) -> 220
A29: 22384 | B29: 2012 | C29: Merlot | E29: 395 | F29: 22 | G29: 0 | H29: 0 | I29: 0 | J29: 0 | K29: 0 | L29: 0 | M29: 0 | N29: 26 | O29: 0 | P29: 30 | Q29: 2 | R29: =SUM(F29:Q29) -> 80 | S29: =AVERAGE(F29:Q29) -> 6.6666667 | T29: =U29/S29 -> 47.25 | U29: =SUM(E29-R29) -> 315
A30: 22382 | B30: 2012 | C30: Cab Franc | E30: 409 | F30: 23 | G30: 1 | H30: 2 | I30: 0 | J30: 0 | K30: 4 | L30: 0 | M30: 4 | N30: 0 | O30: 39 | P30: 32 | Q30: 19 | R30: =SUM(F30:Q30) -> 124 | S30: =AVERAGE(F30:Q30) -> 10.333333 | T30: =U30/S30 -> 27.580645 | U30: =SUM(E30-R30) -> 285
A31: 27736 | B31: 2012 | C31: Petit Verdot | E31: 292 | F31: 1 | G31: 6 | H31: 0 | I31: 0 | J31: 0 | K31: 0 | L31: 5 | M31: 4 | N31: 8 | O31: 8 | P31: 19 | Q31: 18 | R31: =SUM(F31:Q31) -> 69 | S31: =AVERAGE(F31:Q31) -> 5.75 | T31: =U31/S31 -> 38.782609 | U31: =SUM(E31-R31) -> 223
A32: 28361 | B32: 2012 | C32: Cab Sauv | E32: 497 | F32: 28 | G32: 1 | H32: 0 | I32: 0 | J32: 0 | K32: 10 | L32: 7 | M32: 0 | N32: 0 | O32: 17 | P32: 9 | Q32: 19 | R32: =SUM(F32:Q32) -> 91 | S32: =AVERAGE(F32:Q32) -> 7.5833333 | T32: =U32/S32 -> 53.538462 | U32: =SUM(E32-R32) -> 406
A33: 22921 | B33: 2012 | C33: Ameritage | E33: 579 | F33: 1 | G33: 4 | H33: 0 | I33: 0 | J33: 0 | K33: 23 | L33: 15 | M33: 6 | N33: 22 | O33: 55 | P33: 8 | Q33: 20 | R33: =SUM(F33:Q33) -> 154 | S33: =AVERAGE(F33:Q33) -> 12.833333 | T33: =U33/S33 -> 33.116883 | U33: =SUM(E33-R33) -> 425
A34: 34641 | B34: 2012 | C34: Ameritage Reserve | E34: 294 | F34: 4 | G34: 0 | H34: 10 | I34: 0 | J34: 0 | K34: 7 | L34: 17 | M34: 0 | N34: 6 | O34: 0 | P34: 11 | Q34: 33 | R34: =SUM(F34:Q34) -> 88 | S34: =AVERAGE(F34:Q34) -> 7.3333333 | T34: =U34/S34 -> 28.090909 | U34: =SUM(E34-R34) -> 206
A35: 30306 | B35: 2012 | C35: Vin de Sol | E35: 41 | F35: 11 | G35: 9 | H35: 9 | I35: 5 | J35: 7 | R35: =SUM(F35:Q35) -> 41 | S35: =AVERAGE(F35:Q35) -> 8.2 | T35: =U35/S35 -> 0 | U35: =SUM(E35-R35) -> 0
C36: 1991 Brut | E36: 15 | F36: 11 | G36: 1 | H36: 1 | I36: 0 | J36: 0 | R36: =SUM(F36:Q36) -> 13 | S36: =AVERAGE(F36:Q36) -> 2.6 | T36: =U36/S36 -> 0 | U36: 0
A38: 11198 | B38: 2013 | C38: Petit Manseng | E38: 342 | H38: 1 | I38: 25 | J38: 56 | K38: 35 | L38: 48 | M38: 19 | N38: 40 | O38: 31 | P38: 23 | Q38: 16 | R38: =SUM(F38:Q38) -> 294 | S38: =AVERAGE(F38:Q38) -> 29.4 | T38: =U38/S38 -> 1.6326531 | U38: =SUM(E38-R38) -> 48
A39: 57631 | B39: 2013 | C39: Riesling | E39: 358 | H39: 1 | I39: 60 | J39: 68 | K39: 35 | L39: 48 | M39: 24 | N39: 38 | O39: 35 | P39: 23 | Q39: 17 | R39: =SUM(F39:Q39) -> 349 | S39: =AVERAGE(F39:Q39) -> 34.9 | T39: =U39/S39 -> 0.25787966 | U39: =SUM(E39-R39) -> 9
A40: 57632 | B40: 2013 | C40: Viognier | E40: 589 | J40: 1 | L40: 22 | M40: 9 | N40: 9 | O40: 30 | P40: 76 | Q40: 19 | R40: =SUM(F40:Q40) -> 166 | S40: =AVERAGE(F40:Q40) -> 23.714286 | T40: =U40/S40 -> 17.837349 | U40: =SUM(E40-R40) -> 423
A41: 57630 | B41: 2013 | C41: Chardonnay | E41: 608 | K41: 1 | L41: 5 | M41: 0 | N41: 22 | O41: 2 | P41: 12 | Q41: 10 | R41: =SUM(F41:Q41) -> 52 | S41: =AVERAGE(F41:Q41) -> 7.4285714 | T41: =U41/S41 -> 74.846154 | U41: =SUM(E41-R41) -> 556
A42: 22382 | B42: 2013 | C42: Cab Franc | E42: 343 | L42: 1 | M42: 0 | N42: 9 | O42: 9 | P42: 12 | Q42: 9 | R42: =SUM(F42:Q42) -> 40 | S42: =AVERAGE(F42:Q42) -> 6.6666667 | T42: =U42/S42 -> 45.45 | U42: =SUM(E42-R42) -> 303
B43: 2013 | C43: Cab Franc Res | E43: 280 | M43: 1 | N43: 24 | O43: 13 | P43: 11 | Q43: 29 | R43: =SUM(F43:Q43) -> 78 | S43: =AVERAGE(F43:Q43) -> 15.6 | T43: =U43/S43 -> 12.948718 | U43: =SUM(E43-R43) -> 202
A44: 22384 | B44: 2013 | C44: Merlot | E44: 290 | L44: 1 | M44: 0 | N44: 9 | O44: 11 | P44: 13 | Q44: 0 | R44: =SUM(F44:Q44) -> 34 | S44: =AVERAGE(F44:Q44) -> 5.6666667 | T44: =U44/S44 -> 45.176471 | U44: =SUM(E44-R44) -> 256
A45: 27736 | B45: 2013 | C45: Petit Verdot | E45: 395 | M45: 1 | N45: 19 | O45: 9 | P45: 2 | Q45: 13 | R45: =SUM(F45:Q45) -> 44 | S45: =AVERAGE(F45:Q45) -> 8.8 | T45: =U45/S45 -> 39.886364 | U45: =SUM(E45-R45) -> 351
A46: 28361 | B46: 2013 | C46: Cab Sauv | E46: 282 | Q46: 1 | R46: =SUM(F46:Q46) -> 1 | S46: =AVERAGE(F46:Q46) -> 1 | T46: =U46/S46 -> 281 | U46: =SUM(E46-R46) -> 281
A47: 22921 | B47: 2013 | C47: Ameritage | E47: 717 | Q47: 1 | R47: =SUM(F47:Q47) -> 1 | S47: =AVERAGE(F47:Q47) -> 1 | T47: =U47/S47 -> 716 | U47: =SUM(E47-R47) -> 716
A48: 34641 | B48: 2013 | C48: Ameritage Res | E48: 427 | Q48: 1 | R48: =SUM(F48:Q48) -> 1 | S48: =AVERAGE(F48:Q48) -> 1 | T48: =U48/S48 -> 426 | U48: =SUM(E48-R48) -> 426
B49: 2013 | C49: Black Ops | E49: 134 | Q49: 1 | R49: =SUM(F49:Q49) -> 1 | S49: =AVERAGE(F49:Q49) -> 1 | T49: =U49/S49 -> 133 | U49: =SUM(E49-R49) -> 133
B50: 2013 | C50: Syrah | E50: 69 | Q50: 1 | R50: =SUM(F50:Q50) -> 1 | S50: =AVERAGE(F50:Q50) -> 1 | T50: =U50/S50 -> 68 | U50: =SUM(E50-R50) -> 68
B52: 2010 | E52: =SUM(E10:E15) -> 702 | F52: =SUM(F10:F15) -> 103 | G52: =SUM(G10:G15) -> 133 | H52: =SUM(H10:H15) -> 63 | I52: =SUM(I10:I15) -> 54 | J52: =SUM(J10:J15) -> 62 | K52: =SUM(K10:K15) -> 95 | L52: =SUM(L10:L15) -> 51 | ... R52: =SUM(R10:R15) -> 678 | S52: =AVERAGE(F52:Q52) -> 56.5 | T52: =U52/S52 -> 0 | U52: =SUM(U10:U15) -> 0
B53: 2011 | E53: =SUM(E17:E24) -> 1891 | F53: =SUM(F17:F24) -> 44 | G53: =SUM(G17:G24) -> 87 | H53: =SUM(H17:H24) -> 110 | I53: =SUM(I17:I24) -> 147 | J53: =SUM(J17:J24) -> 172 | K53: =SUM(K17:K24) -> 148 | L53: =SUM(L17:L24) -> 154 | ... R53: =SUM(R17:R24) -> 1615 | S53: =AVERAGE(F53:Q53) -> 134.58333 | T53: =U53/S53 -> 2.050774 | U53: =SUM(U17:U24) -> 276
B54: 2012 | E54: =SUM(E26:E35) -> 3186 | F54: =SUM(F26:F35) -> 152 | G54: =SUM(G26:G35) -> 43 | H54: =SUM(H26:H35) -> 42 | I54: =SUM(I26:I35) -> 30 | J54: =SUM(J26:J35) -> 23 | K54: =SUM(K26:K35) -> 95 | L54: =SUM(L26:L35) -> 93 | ... R54: =SUM(R26:R35) -> 1106 | S54: =AVERAGE(F54:Q54) -> 92.166667 | T54: =U54/S54 -> 22.567812 | U54: =SUM(U26:U35) -> 2080
B55: 2013 | E55: =SUM(E38:E50) -> 4834 | F55: =SUM(F38:F50) -> 0 | G55: =SUM(G38:G50) -> 0 | H55: =SUM(H38:H50) -> 2 | I55: =SUM(I38:I50) -> 85 | J55: =SUM(J38:J50) -> 125 | K55: =SUM(K38:K50) -> 71 | L55: =SUM(L38:L50) -> 125 | ... R55: =SUM(R38:R50) -> 1062 | S55: =AVERAGE(F55:Q55) -> 88.5 | T55: =U55/S55 -> 42.621469 | U55: =SUM(U38:U50) -> 3772
B56: TOTAL | E56: =SUM(E52:E54) -> 5779 | F56: =SUM(F52:F54) -> 299 | G56: =SUM(G52:G54) -> 263 | H56: =SUM(H52:H54) -> 215 | I56: =SUM(I52:I54) -> 231 | J56: =SUM(J52:J54) -> 257 | K56: =SUM(K52:K54) -> 338 | L56: =SUM(L52:L54) -> 298 | ... Q56: =SUM(Q52:Q54) -> 204 | R56: =SUM(R52:R55) -> 4461 | S56: =SUM(S52:S55) -> 371.75 | T56: =U56/S56 -> 16.484196 | U56: =SUM(U52:U55) -> 6128
B59: IN-BOND TRANSFERS | E59: Starting Cases | F59: In(+) or Out(-) Cases | R59: Remaining Cases
B67: IN-BOND TRANSFERS | E67: Starting Gallons | F67: In(+) or Out(-) Bulk Gallons | R67: Remaining Gallons

Sheet 2015
B7: CASES MOVED PER MONTH
A8: ABC # | B8: Year | C8: Wine | D8: 2014 Monthly Avg. | E8: 2015 BOY Inventory | F8: Jan | G8: Feb | H8: Mar | I8: Apr | J8: May | K8: Jun | L8: Jul | M8: Aug | N8: Sep | O8: Oct | P8: Nov | Q8: Dec | R8: Totals | S8: 2015 Monthly Avg. | T8: Months Left | U8: Remaining Inventory
F9: 1
A10: 57630 | B10: 2011 | C10: Chardonnay | D10: 32 | E10: 80 | F10: 34 | G10: 12 | H10: 15 | I10: 10 | J10: 9 | R10: =SUM(F10:Q10) -> 80 | S10: =AVERAGE(F10:Q10) -> 16 | T10: =U10/S10 -> 0 | U10: =SUM(E10-R10) -> 0
A11: 22384 | B11: 2011 | C11: Merlot | D11: 16 | E11: 46 | F11: 18 | G11: 11 | H11: 12 | I11: 5 | R11: =SUM(F11:Q11) -> 46 | S11: =AVERAGE(F11:Q11) -> 11.5 | T11: =U11/S11 -> 0 | U11: =SUM(E11-R11) -> 0
A12: 22921 | B12: 2011 | C12: Ameritage | D12: 25 | E12: 34 | F12: 25 | G12: 9 | R12: =SUM(F12:Q12) -> 34 | S12: =AVERAGE(F12:Q12) -> 17 | T12: =U12/S12 -> 0 | U12: =SUM(E12-R12) -> 0
A13: 26415 | B13: 2011 | C13: LH Tram | D13: 12 | E13: 116 | F13: 13 | G13: 4 | H13: 19 | I13: 16 | J13: 15 | K13: 11 | L13: 22 | M13: 16 | R13: =SUM(F13:Q13) -> 116 | S13: =AVERAGE(F13:Q13) -> 14.5 | T13: =U13/S13 -> 0 | U13: =SUM(E13-R13) -> 0
A15: 57630 | B15: 2012 | C15: Chardonnay | D15: 45 | E15: 220 | F15: 6 | G15: 13 | H15: 5 | I15: 9 | J15: 13 | K15: 14 | L15: 48 | M15: 34 | N15: 36 | O15: 17 | P15: 2 | R15: =SUM(F15:Q15) -> 197 | S15: =AVERAGE(F15:Q15) -> 17.909091 | T15: =U15/S15 -> 1.284264 | U15: =SUM(E15-R15) -> 23
A16: 22384 | B16: 2012 | C16: Merlot | D16: 36 | E16: 315 | F16: 3 | G16: 1 | H16: 2 | I16: 0 | J16: 0 | K16: 0 | L16: 6 | M16: 13 | N16: 18 | O16: 26 | P16: 24 | Q16: 17 | R16: =SUM(F16:Q16) -> 110 | S16: =AVERAGE(F16:Q16) -> 9.1666667 | T16: =U16/S16 -> 22.363636 | U16: =SUM(E16-R16) -> 205
A17: 22382 | B17: 2012 | C17: Cab Franc | D17: 29 | E17: 285 | F17: 13 | G17: 24 | H17: 15 | I17: 35 | J17: 20 | K17: 26 | L17: 22 | M17: 24 | N17: 31 | O17: 41 | P17: 28 | Q17: 6 | R17: =SUM(F17:Q17) -> 285 | S17: =AVERAGE(F17:Q17) -> 23.75 | T17: =U17/S17 -> 0 | U17: =SUM(E17-R17) -> 0
A18: 27736 | B18: 2012 | C18: Petit Verdot | D18: 22 | E18: 223 | F18: 29 | G18: 11 | H18: 12 | I18: 25 | J18: 17 | K18: 13 | L18: 20 | M18: 16 | N18: 20 | O18: 26 | P18: 19 | Q18: 15 | R18: =SUM(F18:Q18) -> 223 | S18: =AVERAGE(F18:Q18) -> 18.583333 | T18: =U18/S18 -> 0 | U18: =SUM(E18-R18) -> 0
A19: 28361 | B19: 2012 | C19: Cab Sauv | D19: 22 | E19: 406 | F19: 27 | G19: 13 | H19: 15 | I19: 26 | J19: 27 | K19: 23 | L19: 32 | M19: 22 | N19: 17 | O19: 56 | P19: 32 | Q19: 21 | R19: =SUM(F19:Q19) -> 311 | S19: =AVERAGE(F19:Q19) -> 25.916667 | T19: =U19/S19 -> 3.6655949 | U19: =SUM(E19-R19) -> 95
A20: 22921 | B20: 2012 | C20: Ameritage | D20: 50 | E20: 425 | F20: 43 | G20: 35 | H20: 40 | I20: 55 | J20: 41 | K20: 48 | L20: 40 | M20: 47 | N20: 64 | O20: 6 | R20: =SUM(F20:Q20) -> 419 | S20: =AVERAGE(F20:Q20) -> 41.9 | T20: =U20/S20 -> 0.14319809 | U20: =SUM(E20-R20) -> 6
A21: 34641 | B21: 2012 | C21: Ameritage Reserve | D21: 31 | E21: 206 | F21: 26 | G21: 22 | H21: 29 | I21: 35 | J21: 33 | K21: 25 | L21: 32 | M21: 4 | R21: =SUM(F21:Q21) -> 206 | S21: =AVERAGE(F21:Q21) -> 25.75 | T21: =U21/S21 -> 0 | U21: =SUM(E21-R21) -> 0
A23: 11198 | B23: 2013 | C23: Petit Manseng | D23: 30 | E23: 48 | F23: 24 | G23: 24 | R23: =SUM(F23:Q23) -> 48 | S23: =AVERAGE(F23:Q23) -> 24 | T23: =U23/S23 -> 0 | U23: =SUM(E23-R23) -> 0
A24: 57631 | B24: 2013 | C24: Riesling | D24: 35 | E24: 9 | F24: 9 | R24: =SUM(F24:Q24) -> 9 | S24: =AVERAGE(F24:Q24) -> 9 | T24: =U24/S24 -> 0 | U24: =SUM(E24-R24) -> 0
A25: 57632 | B25: 2013 | C25: Viognier | D25: 45 | E25: 423 | F25: 36 | G25: 22 | H25: 0 | I25: 10 | J25: 55 | K25: 39 | L25: 49 | M25: 34 | N25: 42 | O25: 49 | P25: 36 | Q25: 29 | R25: =SUM(F25:Q25) -> 401 | S25: =AVERAGE(F25:Q25) -> 33.416667 | T25: =U25/S25 -> 0.65835411 | U25: =SUM(E25-R25) -> 22
A26: 57630 | B26: 2013 | C26: Chardonnay | D26: 45 | E26: 556 | F26: 1 | G26: 10 | H26: 5 | I26: 11 | J26: 5 | K26: 7 | L26: 3 | M26: 4 | N26: 3 | O26: 29 | P26: 39 | Q26: 37 | R26: =SUM(F26:Q26) -> 154 | S26: =AVERAGE(F26:Q26) -> 12.833333 | T26: =U26/S26 -> 31.324675 | U26: =SUM(E26-R26) -> 402
A27: 22382 | B27: 2013 | C27: Cab Franc | D27: 29 | E27: 303 | F27: 1 | G27: 1 | H27: 21 | I27: 0 | J27: 1 | K27: 4 | L27: 20 | M27: 2 | N27: 5 | O27: 16 | P27: 12 | Q27: 33 | R27: =SUM(F27:Q27) -> 116 | S27: =AVERAGE(F27:Q27) -> 9.6666667 | T27: =U27/S27 -> 19.344828 | U27: =SUM(E27-R27) -> 187
A28: 84802 | B28: 2013 | C28: Cab Franc Res | D28: 18 | E28: 202 | F28: 21 | G28: 8 | H28: 11 | I28: 6 | J28: 8 | K28: 6 | L28: 8 | M28: 5 | N28: 8 | O28: 15 | P28: 9 | Q28: 20 | R28: =SUM(F28:Q28) -> 125 | S28: =AVERAGE(F28:Q28) -> 10.416667 | T28: =U28/S28 -> 7.392 | U28: =SUM(E28-R28) -> 77
A29: 22384 | B29: 2013 | C29: Merlot | D29: 36 | E29: 256 | F29: 1 | G29: 0 | H29: 0 | I29: 0 | J29: 0 | K29: 0 | L29: 2 | M29: 2 | N29: 1 | P29: 1 | Q29: 4 | R29: =SUM(F29:Q29) -> 11 | S29: =AVERAGE(F29:Q29) -> 1 | T29: =U29/S29 -> 245 | U29: =SUM(E29-R29) -> 245
A30: 27736 | B30: 2013 | C30: Petit Verdot | D30: 22 | E30: 351 | F30: 8 | G30: 2 | H30: 6 | I30: 7 | J30: 1 | K30: 7 | L30: 14 | M30: 6 | N30: 9 | O30: 23 | P30: 18 | Q30: 20 | R30: =SUM(F30:Q30) -> 121 | S30: =AVERAGE(F30:Q30) -> 10.083333 | T30: =U30/S30 -> 22.809917 | U30: =SUM(E30-R30) -> 230
A31: 28361 | B31: 2013 | C31: Cab Sauv | D31: 22 | E31: 281 | F31: 1 | G31: 0 | H31: 2 | I31: 0 | J31: 2 | K31: 0 | L31: 4 | M31: 3 | N31: 1 | P31: 0 | Q31: 11 | R31: =SUM(F31:Q31) -> 24 | S31: =AVERAGE(F31:Q31) -> 2.1818182 | T31: =U31/S31 -> 117.79167 | U31: =SUM(E31-R31) -> 257
A32: 22921 | B32: 2013 | C32: Ameritage | D32: 50 | E32: 716 | F32: 20 | G32: 4 | H32: 1 | I32: 4 | J32: 2 | K32: 3 | L32: 16 | M32: 5 | N32: 1 | O32: 67 | P32: 59 | Q32: 57 | R32: =SUM(F32:Q32) -> 239 | S32: =AVERAGE(F32:Q32) -> 19.916667 | T32: =U32/S32 -> 23.949791 | U32: =SUM(E32-R32) -> 477
A33: 34641 | B33: 2013 | C33: Ameritage Res | D33: 31 | E33: 426 | F33: 1 | G33: 2 | H33: 2 | I33: 2 | J33: 2 | K33: 3 | L33: 8 | M33: 25 | N33: 25 | O33: 37 | P33: 25 | Q33: 23 | R33: =SUM(F33:Q33) -> 155 | S33: =AVERAGE(F33:Q33) -> 12.916667 | T33: =U33/S33 -> 20.980645 | U33: =SUM(E33-R33) -> 271
A34: 86051 | B34: 2013 | C34: Black Ops | E34: 133 | F34: 6 | G34: 10 | H34: 9 | I34: 13 | J34: 13 | K34: 18 | L34: 19 | M34: 16 | N34: 16 | O34: 7 | P34: 6 | R34: =SUM(F34:Q34) -> 133 | S34: =AVERAGE(F34:Q34) -> 12.090909 | T34: =U34/S34 -> 0 | U34: =SUM(E34-R34) -> 0
A35: 84251 | B35: 2013 | C35: Syrah | E35: 68 | F35: 11 | G35: 5 | H35: 2 | I35: 4 | J35: 2 | K35: 7 | L35: 7 | M35: 5 | N35: 4 | O35: 11 | P35: 6 | R35: =SUM(F35:Q35) -> 64 | S35: =AVERAGE(F35:Q35) -> 5.8181818 | T35: =U35/S35 -> 0.6875 | U35: =SUM(E35-R35) -> 4
A37: 11198 | B37: 2014 | C37: Petit Manseng | E37: 336 | I37: 27 | J37: 41 | K37: 31 | L37: 38 | M37: 28 | N37: 31 | O37: 54 | P37: 27 | R37: =SUM(F37:Q37) -> 277 | S37: =AVERAGE(F37:Q37) -> 34.625 | T37: =U37/S37 -> 1.7039711 | U37: =SUM(E37-R37) -> 59
A38: 57631 | B38: 2014 | C38: Dry Rielsing | E38: 113 | I38: 36 | J38: 12 | K38: 13 | L38: 23 | M38: 6 | N38: 10 | O38: 11 | P38: 2 | R38: =SUM(F38:Q38) -> 113 | S38: =AVERAGE(F38:Q38) -> 14.125 | T38: =U38/S38 -> 0 | U38: =SUM(E38-R38) -> 0
A39: 57631 | B39: 2014 | C39: Riesling | E39: 268 | I39: 44 | J39: 46 | K39: 41 | L39: 47 | M39: 42 | N39: 43 | O39: 5 | R39: =SUM(F39:Q39) -> 268 | S39: =AVERAGE(F39:Q39) -> 38.285714 | T39: =U39/S39 -> 0 | U39: =SUM(E39-R39) -> 0
A40: 57632 | B40: 2014 | C40: Viognier | E40: 504 | K40: 0 | L40: 21 | M40: 7 | N40: 8 | O40: 8 | P40: 7 | Q40: 12 | R40: =SUM(F40:Q40) -> 63 | S40: =AVERAGE(F40:Q40) -> 9 | T40: =U40/S40 -> 49 | U40: =SUM(E40-R40) -> 441
A41: 57630 | B41: 2014 | C41: Chardonnay | E41: 536 | L41: 10 | M41: 5 | N41: 0 | O41: 26 | P41: 13 | Q41: 14 | R41: =SUM(F41:Q41) -> 68 | S41: =AVERAGE(F41:Q41) -> 11.333333 | T41: =U41/S41 -> 41.294118 | U41: =SUM(E41-R41) -> 468
A42: 22382 | B42: 2014 | C42: Cab Franc | E42: 356 | L42: 12 | M42: 8 | N42: 10 | O42: 8 | P42: 1 | Q42: 11 | R42: =SUM(F42:Q42) -> 50 | S42: =AVERAGE(F42:Q42) -> 8.3333333 | T42: =U42/S42 -> 36.72 | U42: =SUM(E42-R42) -> 306
A43: 84802 | B43: 2014 | C43: Cab Franc Res | E43: 273 | Q43: 2 | R43: =SUM(F43:Q43) -> 2 | S43: =AVERAGE(F43:Q43) -> 2 | T43: =U43/S43 -> 135.5 | U43: =SUM(E43-R43) -> 271
A44: 22384 | B44: 2014 | C44: Merlot | E44: 247 | L44: 0 | M44: 0 | N44: 10 | O44: 7 | P44: 6 | Q44: 6 | R44: =SUM(F44:Q44) -> 29 | S44: =AVERAGE(F44:Q44) -> 4.8333333 | T44: =U44/S44 -> 45.103448 | U44: =SUM(E44-R44) -> 218
A45: 27736 | B45: 2014 | C45: Petit Verdot | E45: 476 | L45: 10 | M45: 6 | N45: 13 | O45: 6 | P45: 6 | Q45: 11 | R45: =SUM(F45:Q45) -> 52 | S45: =AVERAGE(F45:Q45) -> 8.6666667 | T45: =U45/S45 -> 48.923077 | U45: =SUM(E45-R45) -> 424
A46: 28361 | B46: 2014 | C46: Cab Sauv | E46: 141 | Q46: 1 | R46: =SUM(F46:Q46) -> 1 | S46: =AVERAGE(F46:Q46) -> 1 | T46: =U46/S46 -> 140 | U46: =SUM(E46-R46) -> 140
A47: 22921 | B47: 2014 | C47: Ameritage | E47: 676 | Q47: 1 | R47: =SUM(F47:Q47) -> 1 | S47: =AVERAGE(F47:Q47) -> 1 | T47: =U47/S47 -> 675 | U47: =SUM(E47-R47) -> 675
A48: 34641 | B48: 2014 | C48: Ameritage Res | E48: 372 | Q48: 1 | R48: =SUM(F48:Q48) -> 1 | S48: =AVERAGE(F48:Q48) -> 1 | T48: =U48/S48 -> 371 | U48: =SUM(E48-R48) -> 371
A49: 18004 | B49: 2014 | C49: Mabec | E49: 264 | N49: 6 | O49: 13 | P49: 11 | Q49: 11 | R49: =SUM(F49:Q49) -> 41 | S49: =AVERAGE(F49:Q49) -> 10.25 | T49: =U49/S49 -> 21.756098 | U49: =SUM(E49-R49) -> 223
A50: 86051 | B50: 2014 | C50: Black Ops | E50: 322 | Q50: 1 | R50: =SUM(F50:Q50) -> 1 | S50: =AVERAGE(F50:Q50) -> 1 | T50: =U50/S50 -> 321 | U50: =SUM(E50-R50) -> 321
B51: 2014 | C51: Farm Use | E51: 134 | O51: 18 | P51: 20 | Q51: 18 | R51: =SUM(F51:Q51) -> 56 | S51: =AVERAGE(F51:Q51) -> 18.666667 | T51: =U51/S51 -> 4.1785714 | U51: =SUM(E51-R51) -> 78
B53: 2011 | E53: =SUM(E10:E13) -> 276 | F53: =SUM(F10:F13) -> 90 | G53: =SUM(G10:G13) -> 36 | H53: =SUM(H10:H13) -> 46 | I53: =SUM(I10:I13) -> 31 | J53: =SUM(J10:J13) -> 24 | K53: =SUM(K10:K13) -> 11 | L53: =SUM(L10:L13) -> 22 | ... R53: =SUM(R10:R13) -> 276 | S53: =AVERAGE(F53:Q53) -> 23 | T53: =U53/S53 -> 0 | U53: =SUM(U10:U13) -> 0
B54: 2012 | E54: =SUM(E15:E21) -> 2080 | F54: =SUM(F15:F21) -> 147 | G54: =SUM(G15:G21) -> 119 | H54: =SUM(H15:H21) -> 118 | I54: =SUM(I15:I21) -> 185 | J54: =SUM(J15:J21) -> 151 | K54: =SUM(K15:K21) -> 149 | L54: =SUM(L15:L21) -> 200 | ... R54: =SUM(R15:R21) -> 1751 | S54: =AVERAGE(F54:Q54) -> 145.91667 | T54: =U54/S54 -> 2.2547116 | U54: =SUM(U15:U21) -> 329
B55: 2013 | E55: =SUM(E23:E35) -> 3772 | F55: =SUM(F23:F35) -> 140 | G55: =SUM(G23:G35) -> 88 | H55: =SUM(H23:H35) -> 59 | I55: =SUM(I23:I35) -> 57 | J55: =SUM(J23:J35) -> 91 | K55: =SUM(K23:K35) -> 94 | L55: =SUM(L23:L35) -> 150 | ... R55: =SUM(R23:R35) -> 1600 | S55: =AVERAGE(F55:Q55) -> 133.33333 | T55: =U55/S55 -> 16.29 | U55: =SUM(U23:U35) -> 2172
B56: 2014 | E56: =SUM(E37:E48) -> 4298 | F56: =SUM(F37:F48) -> 0 | G56: =SUM(G37:G48) -> 0 | H56: =SUM(H37:H48) -> 0 | I56: =SUM(I37:I48) -> 107 | J56: =SUM(J37:J48) -> 99 | K56: =SUM(K37:K48) -> 85 | L56: =SUM(L37:L48) -> 161 | ... R56: =SUM(R37:R48) -> 925 | S56: =AVERAGE(F56:Q56) -> 77.083333 | T56: =U56/S56 -> 43.757838 | U56: =SUM(U37:U48) -> 3373
B57: TOTAL | E57: =SUM(E53:E54) -> 2356 | F57: =SUM(F53:F56) -> 377 | G57: =SUM(G53:G56) -> 243 | H57: =SUM(H53:H56) -> 223 | I57: =SUM(I53:I56) -> 380 | J57: =SUM(J53:J56) -> 365 | K57: =SUM(K53:K56) -> 339 | L57: =SUM(L53:L56) -> 533 | M57: =SUM(M53:M56) -> 385 | ... S57: =SUM(S53:S56) -> 379.33333 | T57: =U57/S57 -> 15.485062 | U57: =SUM(U53:U56) -> 5874
B60: IN-BOND TRANSFERS | E60: Starting Cases | F60: In(+) or Out(-) Cases | R60: Remaining Cases
B68: IN-BOND TRANSFERS | E68: Starting Gallons | F68: In(+) or Out(-) Bulk Gallons | R68: Remaining Gallons

Sheet 2015 Tasting Room and Bulk Wine
A1: Tasting Room | C1: Bottles | D1: Cases | I1: Bulk Wine | J1: Gallons
A2: 2012 | B2: Chard | C2: 3 | D2: =C2/12 -> 0.25 | I2: PM | J2: 1860
A3: 2013 | B3: Chard | C3: 43 | D3: =C3/12 -> 3.5833333 | I3: Traminette | J3: 850
A4: 2014 | B4: Chard | C4: 14 | D4: =C4/12 -> 1.1666667 | I4: Pinot Gris | J4: 825
A5: 2013 | B5: Vio | C5: 28 | D5: =C5/12 -> 2.3333333 | I5: Rose | J5: 800
A6: 2014 | B6: Vio | C6: 33 | D6: =C6/12 -> 2.75 | I6: Delaney | J6: 2650
A7: 2014 | B7: PM | C7: 41 | D7: =C7/12 -> 3.4166667 | I7: Chardonnay | J7: 3700
A8: 2012 | B8: Mer | C8: 35 | D8: =C8/12 -> 2.9166667 | I8: Vio | J8: 2380
A9: 2013 | B9: Mer | C9: 44 | D9: =C9/12 -> 3.6666667 | I9: Cab Sauv | J9: 2360
A10: 2014 | B10: Mer | C10: 9 | D10: =C10/12 -> 0.75 | I10: Mal | J10: 700
A11: 2013 | B11: CF | C11: 37 | D11: =C11/12 -> 3.0833333 | I11: PV/Mal | J11: 1330
A12: 2014 | B12: CF | C12: 21 | D12: =C12/12 -> 1.75 | I12: PV | J12: 1835
A13: 2013 | B13: PV | C13: 18 | D13: =C13/12 -> 1.5 | I13: Cab Franc | J13: 1465
... A17: 2014 | B17: CS | C17: 12 | D17: =C17/12 -> 1 | I17: Norton | J17: 1100
A18: 2013 | B18: AM | C18: 11 | D18: =C18/12 -> 0.91666667
A19: 2014 | B19: AM | C19: 18 | D19: =C19/12 -> 1.5
A20: 2013 | B20: AMR | C20: 21 | D20: =C20/12 -> 1.75
A21: 2014 | B21: AMR | C21: 9 | D21: =C21/12 -> 0.75
A22: 2014 | B22: Farm Use | C22: 57 | D22: =C22/12 -> 4.75
A23: 2013 | B23: CFR | C23: 45 | D23: =C23/12 -> 3.75
A24: 2014 | B24: B Ops | C24: 13 | D24: =C24/12 -> 1.0833333
A25: 2014 | B25: Mal Res | C25: 37 | D25: =C25/12 -> 3.0833333

Sheet 2016
B7: CASES MOVED PER MONTH | V7: CASES MOVED PER MONTH
A8: ABC # | B8: Year | C8: Wine | D8: 2015 Monthly Avg. | E8: 2016 BOY Inventory | F8: Jan | G8: Feb | H8: Mar | I8: Apr | J8: May | K8: Jun | L8: Jul | M8: Aug | N8: Sep | O8: Oct | P8: Nov | Q8: Dec | R8: Totals | S8: 2016 Monthly Avg. | T8: Months Left | U8: Remaining Inventory | V8: Year | W8: Wine
F9: 1
A10: 22384 | B10: 2012 | C10: Merlot | D10: 36 | E10: 208 | F10: 23 | G10: 9 | H10: 8 | I10: 17 | J10: 27 | K10: 16 | L10: 15 | M10: 15 | N10: 23 | O10: 28 | P10: 22 | R10: =SUM(F10:Q10) -> 203 | S10: =IFERROR((AVERAGE(F10:Q10)),0) -> 18.454545 | T10: =IFERROR((U10/S10),0) -> 0.27093596 | U10: =SUM(E10-R10) -> 5 | V10: 2012 | W10: Merlot
A11: 28361 | B11: 2012 | C11: Cab Sauv | D11: 22 | E11: 96 | F11: 22 | G11: 19 | H11: 13 | I11: 26 | J11: 16 | R11: =SUM(F11:Q11) -> 96 | S11: =IFERROR((AVERAGE(F11:Q11)),0) -> 19.2 | T11: =IFERROR((U11/S11),0) -> 0 | U11: =SUM(E11-R11) -> 0 | V11: 2012 | W11: Cab Sauv
A13: 57632 | B13: 2013 | C13: Viognier | D13: 45 | E13: 24 | F13: 21 | G13: 3 | R13: =SUM(F13:Q13) -> 24 | S13: =IFERROR((AVERAGE(F13:Q13)),0) -> 12 | T13: =IFERROR((U13/S13),0) -> 0 | U13: =SUM(E13-R13) -> 0 | V13: 2013 | W13: Viognier
A14: 57630 | B14: 2013 | C14: Chardonnay | D14: 45 | E14: 406 | F14: 32 | G14: 24 | H14: 27 | I14: 49 | J14: =274-227 -> 47 | K14: 75 | L14: 48 | M14: 53 | N14: 51 | R14: =SUM(F14:Q14) -> 406 | S14: =IFERROR((AVERAGE(F14:Q14)),0) -> 45.111111 | T14: =IFERROR((U14/S14),0) -> 0 | U14: =SUM(E14-R14) -> 0 | V14: 2013 | W14: Chardonnay
A15: 22382 | B15: 2013 | C15: Cab Franc | D15: 29 | E15: 190 | F15: 31 | G15: 55 | H15: 25 | I15: 45 | J15: -15 | K15: =49-21 -> 28 | L15: 21 | R15: =SUM(F15:Q15) -> 190 | S15: =IFERROR((AVERAGE(F15:Q15)),0) -> 27.142857 | T15: =IFERROR((U15/S15),0) -> 0 | U15: =SUM(E15-R15) -> 0 | V15: 2013 | W15: Cab Franc
A16: 84802 | B16: 2013 | C16: Cab Franc Res | D16: 18 | E16: 81 | F16: 11 | G16: 4 | H16: 2 | I16: 11 | J16: 8 | K16: 7 | L16: 20 | M16: 6 | N16: 12 | R16: =SUM(F16:Q16) -> 81 | S16: =IFERROR((AVERAGE(F16:Q16)),0) -> 9 | T16: =IFERROR((U16/S16),0) -> 0 | U16: =SUM(E16-R16) -> 0 | V16: 2013 | W16: Cab Franc Res
A17: 22384 | B17: 2013 | C17: Merlot | D17: 36 | E17: 249 | F17: 6 | H17: 1 | I17: 1 | J17: 0 | K17: 0 | L17: 0 | M17: 0 | O17: 8 | P17: 11 | Q17: 18 | R17: =SUM(F17:Q17) -> 45 | S17: =IFERROR((AVERAGE(F17:Q17)),0) -> 4.5 | T17: =IFERROR((U17/S17),0) -> 45.333333 | U17: =SUM(E17-R17) -> 204 | V17: 2013 | W17: Merlot
A18: 27736 | B18: 2013 | C18: Petit Verdot | D18: 22 | E18: 232 | F18: 30 | G18: 28 | H18: 24 | I18: 51 | J18: 33 | K18: 34 | L18: 32 | R18: =SUM(F18:Q18) -> 232 | S18: =IFERROR((AVERAGE(F18:Q18)),0) -> 33.142857 | T18: =IFERROR((U18/S18),0) -> 0 | U18: =SUM(E18-R18) -> 0 | V18: 2013 | W18: Petit Verdot
A19: 28361 | B19: 2013 | C19: Cab Sauv | D19: 22 | E19: 259 | F19: 53 | H19: 5 | J19: 16 | K19: 21 | L19: 22 | M19: 20 | N19: 25 | O19: 10 | P19: 0 | Q19: 0 | R19: =SUM(F19:Q19) -> 172 | S19: =IFERROR((AVERAGE(F19:Q19)),0) -> 17.2 | T19: =IFERROR((U19/S19),0) -> 5.0581395 | U19: =SUM(E19-R19) -> 87 | V19: 2013 | W19: Cab Sauv
A20: 22921 | B20: 2013 | C20: Ameritage | D20: 50 | E20: 478 | F20: 26 | G20: 38 | H20: 32 | I20: 49 | J20: 68 | K20: 55 | L20: 47 | M20: 54 | N20: 43 | O20: 61 | P20: 5 | R20: =SUM(F20:Q20) -> 478 | S20: =IFERROR((AVERAGE(F20:Q20)),0) -> 43.454545 | T20: =IFERROR((U20/S20),0) -> 0 | U20: =SUM(E20-R20) -> 0 | V20: 2013 | W20: Ameritage
A21: 34641 | B21: 2013 | C21: Ameritage Res | D21: 31 | E21: 273 | F21: 22 | G21: 17 | H21: 35 | I21: 35 | J21: 15 | K21: 1 | L21: 25 | M21: 29 | N21: 38 | O21: 18 | P21: 31 | R21: =SUM(F21:Q21) -> 266 | S21: =IFERROR((AVERAGE(F21:Q21)),0) -> 24.181818 | T21: =IFERROR((U21/S21),0) -> 0.28947368 | U21: =SUM(E21-R21) -> 7 | V21: 2013 | W21: Ameritage Res
A23: 11198 | B23: 2014 | C23: Petit Manseng | E23: 59 | F23: 40 | G23: 13 | H23: 6 | R23: =SUM(F23:Q23) -> 59 | S23: =IFERROR((AVERAGE(F23:Q23)),0) -> 19.666667 | T23: =IFERROR((U23/S23),0) -> 0 | U23: =SUM(E23-R23) -> 0 | V23: 2014 | W23: Petit Manseng
A24: 57632 | B24: 2014 | C24: Viognier | E24: 444 | F24: 8 | G24: 18 | H24: 18 | I24: 40 | J24: =360-327 -> 33 | K24: 41 | L24: 49 | M24: 55 | N24: 25 | O24: 28 | P24: 89 | Q24: 0 | R24: =SUM(F24:Q24) -> 404 | S24: =IFERROR((AVERAGE(F24:Q24)),0) -> 33.666667 | T24: =IFERROR((U24/S24),0) -> 1.1881188 | U24: =SUM(E24-R24) -> 40 | V24: 2014 | W24: Viognier
A25: 57630 | B25: 2014 | C25: Chardonnay | E25: 469 | F25: 21 | G25: 9 | I25: 6 | J25: 10 | K25: 2 | L25: 19 | M25: 6 | N25: 17 | O25: 43 | P25: 31 | Q25: 48 | R25: =SUM(F25:Q25) -> 212 | S25: =IFERROR((AVERAGE(F25:Q25)),0) -> 19.272727 | T25: =IFERROR((U25/S25),0) -> 13.334906 | U25: =SUM(E25-R25) -> 257 | V25: 2014 | W25: Chardonnay
A26: 22382 | B26: 2014 | C26: Cab Franc | E26: 308 | F26: 13 | G26: 8 | H26: 4 | I26: 3 | J26: 0 | K26: 0 | L26: 8 | M26: 30 | N26: 39 | O26: 49 | P26: 50 | Q26: 29 | R26: =SUM(F26:Q26) -> 233 | S26: =IFERROR((AVERAGE(F26:Q26)),0) -> 19.416667 | T26: =IFERROR((U26/S26),0) -> 3.8626609 | U26: =SUM(E26-R26) -> 75 | V26: 2014 | W26: Cab Franc
A27: 84802 | B27: 2014 | C27: Cab Franc Res | E27: 271 | F27: 1 | J27: 2 | K27: 1 | L27: 0 | M27: 4 | N27: 12 | O27: 5 | P27: 23 | Q27: 68 | R27: =SUM(F27:Q27) -> 116 | S27: =IFERROR((AVERAGE(F27:Q27)),0) -> 12.888889 | T27: =IFERROR((U27/S27),0) -> 12.025862 | U27: =SUM(E27-R27) -> 155 | V27: 2014 | W27: Cab Franc Res
A28: 22384 | B28: 2014 | C28: Merlot | E28: 219 | F28: 12 | H28: 8 | I28: 1 | J28: 3 | K28: 0 | L28: 0 | M28: 13 | O28: 0 | P28: 0 | Q28: 0 | R28: =SUM(F28:Q28) -> 37 | S28: =IFERROR((AVERAGE(F28:Q28)),0) -> 3.7 | T28: =IFERROR((U28/S28),0) -> 49.189189 | U28: =SUM(E28-R28) -> 182 | V28: 2014 | W28: Merlot
A29: 27736 | B29: 2014 | C29: Petit Verdot | E29: 427 | F29: 3 | G29: 3 | J29: 2 | K29: 0 | L29: 35 | M29: 40 | N29: 44 | O29: 38 | P29: 44 | Q29: 39 | R29: =SUM(F29:Q29) -> 248 | S29: =IFERROR((AVERAGE(F29:Q29)),0) -> 24.8 | T29: =IFERROR((U29/S29),0) -> 7.2177419 | U29: =SUM(E29-R29) -> 179 | V29: 2014 | W29: Petit Verdot
A30: 28361 | B30: 2014 | C30: Cab Sauv | E30: 141 | F30: 15 | I30: 6 | J30: 7 | K30: 4 | L30: 1 | M30: 1 | N30: 4 | O30: 2 | P30: 0 | Q30: 0 | R30: =SUM(F30:Q30) -> 40 | S30: =IFERROR((AVERAGE(F30:Q30)),0) -> 4 | T30: =IFERROR((U30/S30),0) -> 25.25 | U30: =SUM(E30-R30) -> 101 | V30: 2014 | W30: Cab Sauv
A31: 22921 | B31: 2014 | C31: Ameritage | E31: 676 | F31: 1 | G31: 22 | H31: 7 | J31: 0 | K31: 0 | L31: 0 | O31: 5 | P31: 2 | Q31: 126 | R31: =SUM(F31:Q31) -> 163 | S31: =IFERROR((AVERAGE(F31:Q31)),0) -> 18.111111 | T31: =IFERROR((U31/S31),0) -> 28.325153 | U31: =SUM(E31-R31) -> 513 | V31: 2014 | W31: Ameritage
A32: 34641 | B32: 2014 | C32: Ameritage Res | E32: 372 | F32: 5 | I32: 3 | J32: 4 | K32: 0 | L32: 0 | M32: 3 | O32: 0 | P32: 0 | Q32: 0 | R32: =SUM(F32:Q32) -> 15 | S32: =IFERROR((AVERAGE(F32:Q32)),0) -> 1.6666667 | T32: =IFERROR((U32/S32),0) -> 214.2 | U32: =SUM(E32-R32) -> 357 | V32: 2014 | W32: Ameritage Res
A33: 18004 | B33: 2014 | C33: Malbec Res | E33: 226 | F33: 3 | G33: 8 | H33: 5 | I33: 7 | J33: 9 | K33: 13 | L33: 17 | M33: 18 | N33: 16 | O33: 13 | P33: 21 | Q33: 14 | R33: =SUM(F33:Q33) -> 144 | S33: =IFERROR((AVERAGE(F33:Q33)),0) -> 12 | T33: =IFERROR((U33/S33),0) -> 6.8333333 | U33: =SUM(E33-R33) -> 82 | V33: 2014 | W33: Mabec Res
A34: 86051 | B34: 2014 | C34: Black Ops | E34: 322 | F34: 2 | H34: 2 | I34: 18 | J34: 15 | K34: =285-252 -> 33 | L34: 33 | M34: 76 | N34: 38 | O34: 35 | P34: 53 | Q34: 7 | R34: =SUM(F34:Q34) -> 312 | S34: =IFERROR((AVERAGE(F34:Q34)),0) -> 28.363636 | T34: =IFERROR((U34/S34),0) -> 0.3525641 | U34: =SUM(E34-R34) -> 10 | V34: 2014 | W34: Black Ops
A35: 28381 | B35: 2014 | C35: Farm Use | E35: =84+225 -> 309 | F35: 27 | G35: 9 | H35: 32 | I35: 16 | L35: 41 | M35: 56 | O35: 0 | P35: 0 | Q35: 0 | R35: =SUM(F35:Q35) -> 181 | S35: =IFERROR((AVERAGE(F35:Q35)),0) -> 20.111111 | T35: =IFERROR((U35/S35),0) -> 6.3646409 | U35: =SUM(E35-R35) -> 128 | V35: 2014 | W35: Farm Use
A37: 11198 | B37: 2015 | C37: Petit Manseng | E37: 400 | F37: 1 | G37: 15 | H37: 29 | I37: 47 | J37: 40 | K37: 33 | L37: 45 | M37: 37 | N37: 59 | O37: 45 | P37: 37 | Q37: 12 | R37: =SUM(F37:Q37) -> 400 | S37: =IFERROR((AVERAGE(F37:Q37)),0) -> 33.333333 | T37: =IFERROR((U37/S37),0) -> 0 | U37: =SUM(E37-R37) -> 0 | V37: 2015 | W37: Petit Manseng
A38: 57631 | B38: 2015 | C38: Riesling | E38: 316 | F38: 1 | G38: 32 | H38: 27 | I38: 52 | J38: 50 | K38: =154-10-112 -> 32 | L38: 40 | M38: 37 | N38: 44 | O38: 1 | R38: =SUM(F38:Q38) -> 316 | S38: =IFERROR((AVERAGE(F38:Q38)),0) -> 31.6 | T38: =IFERROR((U38/S38),0) -> 0 | U38: =SUM(E38-R38) -> 0 | V38: 2015 | W38: Riesling
A39: 57632 | B39: 2015 | C39: Viognier | E39: 431 | M39: 24 | P39: 56 | Q39: 9 | R39: =SUM(F39:Q39) -> 89 | S39: =IFERROR((AVERAGE(F39:Q39)),0) -> 29.666667 | T39: =IFERROR((U39/S39),0) -> 11.52809 | U39: =SUM(E39-R39) -> 342 | V39: 2015 | W39: Viognier
B40: 2015 | C40: Viognier Res | E40: 0 | R40: =SUM(F40:Q40) -> 0 | S40: =IFERROR((AVERAGE(F40:Q40)),0) -> 0 | T40: =IFERROR((U40/S40),0) -> 0 | U40: =SUM(E40-R40) -> 0 | V40: 2015 | W40: Viognier Res
A41: 57630 | B41: 2015 | C41: Chardonnay | E41: 518 | M41: 1 | O41: 42 | P41: 0 | Q41: 13 | R41: =SUM(F41:Q41) -> 56 | S41: =IFERROR((AVERAGE(F41:Q41)),0) -> 14 | T41: =IFERROR((U41/S41),0) -> 33 | U41: =SUM(E41-R41) -> 462 | V41: 2015 | W41: Chardonnay
A42: 22382 | B42: 2015 | C42: Cab Franc | E42: 431 | M42: 95 | O42: 0 | P42: 0 | Q42: 0 | R42: =SUM(F42:Q42) -> 95 | S42: =IFERROR((AVERAGE(F42:Q42)),0) -> 23.75 | T42: =IFERROR((U42/S42),0) -> 14.147368 | U42: =SUM(E42-R42) -> 336 | V42: 2015 | W42: Cab Franc
A43: 84802 | B43: 2015 | C43: Cab Franc Res | E43: 225 | M43: 1 | Q43: 0 | R43: =SUM(F43:Q43) -> 1 | S43: =IFERROR((AVERAGE(F43:Q43)),0) -> 0.5 | T43: =IFERROR((U43/S43),0) -> 448 | U43: =SUM(E43-R43) -> 224 | V43: 2015 | W43: Cab Franc Res
A44: 22384 | B44: 2015 | C44: Merlot | E44: 0 | R44: =SUM(F44:Q44) -> 0 | S44: =IFERROR((AVERAGE(F44:Q44)),0) -> 0 | T44: =IFERROR((U44/S44),0) -> 0 | U44: =SUM(E44-R44) -> 0 | V44: 2015 | W44: Merlot
A45: 27736 | B45: 2015 | C45: Petit Verdot | E45: 363 | M45: 1 | N45: 10 | O45: 6 | P45: 26 | Q45: 21 | R45: =SUM(F45:Q45) -> 64 | S45: =IFERROR((AVERAGE(F45:Q45)),0) -> 12.8 | T45: =IFERROR((U45/S45),0) -> 23.359375 | U45: =SUM(E45-R45) -> 299 | V45: 2015 | W45: Petit Verdot
A46: 28361 | B46: 2015 | C46: Cab Sauv | E46: 115 | Q46: 0 | R46: =SUM(F46:Q46) -> 0 | S46: =IFERROR((AVERAGE(F46:Q46)),0) -> 0 | T46: =IFERROR((U46/S46),0) -> 0 | U46: =SUM(E46-R46) -> 115 | V46: 2015 | W46: Cab Sauv
A47: 22921 | B47: 2015 | C47: Ameritage | E47: 671 | Q47: 0 | R47: =SUM(F47:Q47) -> 0 | S47: =IFERROR((AVERAGE(F47:Q47)),0) -> 0 | T47: =IFERROR((U47/S47),0) -> 0 | U47: =SUM(E47-R47) -> 671 | V47: 2015 | W47: Ameritage
A48: 34641 | B48: 2015 | C48: Ameritage Res | E48: 275 | Q48: 65 | R48: =SUM(F48:Q48) -> 65 | S48: =IFERROR((AVERAGE(F48:Q48)),0) -> 65 | T48: =IFERROR((U48/S48),0) -> 3.2307692 | U48: =SUM(E48-R48) -> 210 | V48: 2015 | W48: Ameritage Res
A49: 18004 | B49: 2015 | C49: Mabec | E49: 252 | M49: 1 | O49: 11 | P49: 4 | Q49: 16 | R49: =SUM(F49:Q49) -> 32 | S49: =IFERROR((AVERAGE(F49:Q49)),0) -> 8 | T49: =IFERROR((U49/S49),0) -> 27.5 | U49: =SUM(E49-R49) -> 220 | V49: 2015 | W49: Mabec
A50: 86051 | B50: 2015 | C50: Black Ops | E50: 421 | Q50: 29 | R50: =SUM(F50:Q50) -> 29 | S50: =IFERROR((AVERAGE(F50:Q50)),0) -> 29 | T50: =IFERROR((U50/S50),0) -> 13.517241 | U50: =SUM(E50-R50) -> 392 | V50: 2015 | W50: Black Ops
A51: 28381 | B51: 2015 | C51: Farm Use | R51: =SUM(F51:Q51) -> 0 | S51: =IFERROR((AVERAGE(F51:Q51)),0) -> 0 | T51: =IFERROR((U51/S51),0) -> 0 | U51: =SUM(E51-R51) -> 0 | V51: 2015 | W51: Farm Use
B53: 2012 | E53: =SUM(E10:E11) -> 304 | F53: =SUM(F10:F11) -> 45 | G53: =SUM(G10:G11) -> 28 | H53: =SUM(H10:H11) -> 21 | I53: =SUM(I10:I11) -> 43 | J53: =SUM(J10:J11) -> 43 | K53: =SUM(K10:K11) -> 16 | L53: =SUM(L10:L11) -> 15 | ... R53: =SUM(R10:R11) -> 299 | S53: =AVERAGE(F53:Q53) -> 24.916667 | T53: =U53/S53 -> 0.2006689 | U53: =SUM(E53-R53) -> 5 | V53: 2012
B54: 2013 | E54: =SUM(E13:E21) -> 2192 | F54: =SUM(F13:F21) -> 232 | G54: =SUM(G13:G21) -> 169 | H54: =SUM(H13:H21) -> 151 | I54: =SUM(I13:I21) -> 241 | J54: =SUM(J13:J21) -> 172 | K54: =SUM(K13:K21) -> 221 | L54: =SUM(L13:L21) -> 215 | ... R54: =SUM(R13:R21) -> 1894 | S54: =AVERAGE(F54:Q54) -> 157.83333 | T54: =U54/S54 -> 1.8880676 | U54: =SUM(E54-R54) -> 298 | V54: 2013
B55: 2014 | E55: =SUM(E23:E35) -> 4243 | F55: =SUM(F23:F35) -> 151 | G55: =SUM(G23:G35) -> 90 | H55: =SUM(H23:H35) -> 82 | I55: =SUM(I23:I35) -> 100 | J55: =SUM(J23:J35) -> 85 | K55: =SUM(K23:K35) -> 94 | L55: =SUM(L23:L35) -> 203 | ... R55: =SUM(R23:R35) -> 2164 | S55: =AVERAGE(F55:Q55) -> 180.33333 | T55: =U55/S55 -> 11.528651 | U55: =SUM(E55-R55) -> 2079 | V55: 2014
B56: 2015 | E56: =SUM(E37:E51) -> 4418 | F56: =SUM(F37:F51) -> 2 | G56: =SUM(G37:G51) -> 47 | H56: =SUM(H37:H51) -> 56 | I56: =SUM(I37:I51) -> 99 | J56: =SUM(J37:J51) -> 90 | K56: =SUM(K37:K51) -> 65 | L56: =SUM(L37:L51) -> 85 | ... Q56: =SUM(Q37:Q51) -> 165 | R56: =SUM(R24:R33) -> 1612 | S56: =AVERAGE(F56:Q56) -> 95.583333 | T56: =U56/S56 -> 29.356582 | U56: =SUM(E56-R56) -> 2806 | V56: 2015
B57: TOTAL | E57: =SUM(E53:E56) -> 11157 | F57: =SUM(F53:F56) -> 430 | G57: =SUM(G53:G56) -> 334 | H57: =SUM(H53:H56) -> 310 | I57: =SUM(I53:I56) -> 483 | J57: =SUM(J53:J56) -> 390 | K57: =SUM(K53:K56) -> 396 | L57: =SUM(L53:L56) -> 518 | ... S57: =SUM(S53:S56) -> 458.66667 | T57: =U57/S57 -> 11.311047 | U57: =SUM(E57-R57) -> 5188 | V57: TOTAL
B60: EFFINGHAM | V60: EFFINGHAM
A63: 100465 | B63: 2014 | C63: Eff Meritage | D63: 9.21 | E63: 327 | K63: 12 | N63: 31 | O63: 0 | P63: 0 | Q63: 0 | R63: =SUM(F63:Q63) -> 43 | S63: =IFERROR((AVERAGE(F63:Q63)),0) -> 8.6 | T63: =IFERROR((U63/S63),0) -> 33.023256 | U63: =SUM(E63-R63) -> 284 | V63: 2014 | W63: Eff Meritage | AD63: 1
A64: 97511 | B64: 2014 | C64: Chardonnay | D64: 6.92 | E64: 388 | J64: 1 | K64: 6 | N64: 43 | O64: 0 | P64: 0 | Q64: 0 | R64: =SUM(F64:Q64) -> 50 | S64: =IFERROR((AVERAGE(F64:Q64)),0) -> 8.3333333 | T64: =IFERROR((U64/S64),0) -> 40.56 | U64: =SUM(E64-R64) -> 338 | V64: 2015 | W64: Chardonnay
A65: 102768 | B65: 2014 | C65: Tannat | D65: 2.42 | E65: 136 | N65: 20 | O65: 0 | P65: 0 | Q65: 0 | R65: =SUM(F65:Q65) -> 20 | S65: =IFERROR((AVERAGE(F65:Q65)),0) -> 5 | T65: =IFERROR((U65/S65),0) -> 23.2 | U65: =SUM(E65-R65) -> 116 | V65: 2014 | W65: Tannat
A66: 101639 | B66: 2014 | C66: Norton | D66: 7.96 | E66: 446 | N66: 46 | O66: 0 | P66: 0 | Q66: 0 | R66: =SUM(F66:Q66) -> 46 | S66: =IFERROR((AVERAGE(F66:Q66)),0) -> 11.5 | T66: =IFERROR((U66/S66),0) -> 34.782609 | U66: =SUM(E66-R66) -> 400 | V66: 2014 | W66: Norton
A67: 100463 | B67: 2014 | C67: Eff King's Ransom | D67: 2.07 | E67: 116 | K67: 4 | N67: 47 | O67: 0 | P67: 0 | Q67: 0 | R67: =SUM(F67:Q67) -> 51 | S67: =IFERROR((AVERAGE(F67:Q67)),0) -> 10.2 | T67: =IFERROR((U67/S67),0) -> 6.372549 | U67: =SUM(E67-R67) -> 65 | V67: 2014 | W67: Eff King's Ransom
A69: 97509 | B69: 2015 | C69: Traminette | D69: 6.58 | E69: 369 | J69: 1 | K69: 7 | N69: 30 | O69: 0 | P69: 26 | Q69: 18 | R69: =SUM(F69:Q69) -> 82 | S69: =IFERROR((AVERAGE(F69:Q69)),0) -> 13.666667 | T69: =IFERROR((U69/S69),0) -> 21 | U69: =SUM(E69-R69) -> 287 | V69: 2015 | W69: Traminette
A70: 101636 | B70: 2015 | C70: Viognier | D70: 4 | E70: 225 | N70: 52 | O70: 0 | P70: 0 | Q70: 0 | R70: =SUM(F70:Q70) -> 52 | S70: =IFERROR((AVERAGE(F70:Q70)),0) -> 13 | T70: =IFERROR((U70/S70),0) -> 13.307692 | U70: =SUM(E70-R70) -> 173 | V70: 2015 | W70: Viognier
A71: 101819 | B71: N/V | C71: Sparkling | D71: 2.35 | E71: 132 | K71: 7 | N71: 28 | O71: 0 | P71: 2 | Q71: 13 | R71: =SUM(F71:Q71) -> 50 | S71: =IFERROR((AVERAGE(F71:Q71)),0) -> 10 | T71: =IFERROR((U71/S71),0) -> 8.2 | U71: =SUM(E71-R71) -> 82 | W71: Sparkling
A72: 101638 | B72: 2015 | C72: Merlot | E72: 350 | N72: 51 | O72: 0 | P72: 0 | Q72: 0 | R72: =SUM(F72:Q72) -> 51 | S72: =IFERROR((AVERAGE(F72:Q72)),0) -> 12.75 | T72: =IFERROR((U72/S72),0) -> 23.45098 | U72: =SUM(E72-R72) -> 299
A73: 100464 | B73: 2015 | C73: Rose | D73: 6.5 | E73: 364 | N73: 35 | O73: 0 | P73: 44 | Q73: 24 | R73: =SUM(F73:Q73) -> 103 | S73: =IFERROR((AVERAGE(F73:Q73)),0) -> 25.75 | T73: =IFERROR((U73/S73),0) -> 10.135922 | U73: =SUM(E73-R73) -> 261 | V73: 2015 | W73: Rose
A74: 100465 | B74: 2015 | C74: Meritage | E74: 189 | O74: 0 | P74: 5 | Q74: 1 | R74: =SUM(F74:Q74) -> 6 | S74: =IFERROR((AVERAGE(F74:Q74)),0) -> 2 | U74: =SUM(E74-R74) -> 183 | V74: 2015 | W74: Meritage
A75: 100463 | B75: 2015 | C75: Kings Ransom | E75: 153 | O75: 0 | P75: 0 | Q75: 0 | R75: =SUM(F75:Q75) -> 0 | S75: =IFERROR((AVERAGE(F75:Q75)),0) -> 0 | U75: =SUM(E75-R75) -> 153 | V75: 2015 | W75: Kings Ransom
A76: 97510 | B76: 2015 | C76: Cab Franc | D76: 0 | E76: 0 | N76: 0 | O76: 0 | P76: 0 | Q76: 0 | R76: =SUM(F76:Q76) -> 0 | S76: =IFERROR((AVERAGE(F76:Q76)),0) -> 0 | T76: =IFERROR((U76/S76),0) -> 0 | U76: =SUM(E76-R76) -> 0 | V76: 2015 | W76: Cab Franc
B78: 2014 | E78: =SUM(E63:E67) -> 1413 | F78: =SUM(F63:F67) -> 0 | G78: =SUM(G63:G67) -> 0 | H78: =SUM(H63:H67) -> 0 | I78: =SUM(I63:I67) -> 0 | J78: =SUM(J63:J67) -> 1 | K78: =SUM(K63:K67) -> 22 | L78: =SUM(L63:L67) -> 0 | ... R78: =SUM(R63:R67) -> 210 | S78: =IFERROR((AVERAGE(F78:Q78)),0) -> 17.5 | T78: =IFERROR((U78/S78),0) -> 68.742857 | U78: =SUM(E78-R78) -> 1203 | V78: 2014
B79: 2015 | E79: =SUM(E69:E76) -> 1782 | F79: =SUM(F69:F76) -> 0 | G79: =SUM(G69:G76) -> 0 | H79: =SUM(H69:H76) -> 0 | I79: =SUM(I69:I76) -> 0 | J79: =SUM(J69:J76) -> 1 | K79: =SUM(K69:K76) -> 14 | L79: =SUM(L69:L76) -> 0 | ... R79: =SUM(R69:R76) -> 344 | S79: =IFERROR((AVERAGE(F79:Q79)),0) -> 28.666667 | T79: =IFERROR((U79/S79),0) -> 50.162791 | U79: =SUM(E79-R79) -> 1438 | V79: 2015
B80: TOTAL | E80: =SUM(E78:E79) -> 3195 | F80: =SUM(F78:F79) -> 0 | G80: =SUM(G78:G79) -> 0 | H80: =SUM(H78:H79) -> 0 | I80: =SUM(I78:I79) -> 0 | J80: =SUM(J78:J79) -> 2 | K80: =SUM(K78:K79) -> 36 | L80: =SUM(L78:L79) -> 0 | ... U80: =SUM(U78:U79) -> 2641 | V80: TOTAL
B84: Overall | V84: Overall
B85: 2012 | E85: =E53 -> 304 | F85: =F53 -> 45 | G85: =G53 -> 28 | H85: =H53 -> 21 | I85: =I53 -> 43 | J85: =J53 -> 43 | K85: =K53 -> 16 | L85: =L53 -> 15 | ... R85: =R53 -> 299 | S85: =AVERAGE(F85:Q85) -> 24.916667 | T85: =U85/S85 -> 0.2006689 | U85: =SUM(E85-R85) -> 5 | V85: 2012
B86: 2013 | E86: =E54 -> 2192 | F86: =F54 -> 232 | G86: =G54 -> 169 | H86: =H54 -> 151 | I86: =I54 -> 241 | J86: =J54 -> 172 | K86: =K54 -> 221 | L86: =L54 -> 215 | ... R86: =R54 -> 1894 | S86: =AVERAGE(F86:Q86) -> 157.83333 | T86: =U86/S86 -> 1.8880676 | U86: =SUM(E86-R86) -> 298 | V86: 2013
B87: 2014 | E87: =E78+E55 -> 5656 | F87: =F78+F55 -> 151 | G87: =G78+G55 -> 90 | H87: =H78+H55 -> 82 | I87: =I78+I55 -> 100 | J87: =J78+J55 -> 86 | K87: =K78+K55 -> 116 | L87: =L78+L55 -> 203 | ... Q87: =Q78+Q55 -> 331 | R87: =R55+R78 -> 2374 | S87: =AVERAGE(F87:Q87) -> 197.83333 | T87: =U87/S87 -> 16.589722 | U87: =SUM(E87-R87) -> 3282 | V87: 2014
B88: 2015 | E88: =E79+E56 -> 6200 | F88: =F79+F56 -> 2 | G88: =G79+G56 -> 47 | H88: =H79+H56 -> 56 | I88: =I79+I56 -> 99 | J88: =J79+J56 -> 91 | K88: =K79+K56 -> 79 | L88: =L79+L56 -> 85 | ... Q88: =Q79+Q56 -> 221 | R88: =R56+R79 -> 1956 | S88: =AVERAGE(F88:Q88) -> 124.25 | T88: =U88/S88 -> 34.156942 | U88: =SUM(E88-R88) -> 4244 | V88: 2015
B89: TOTAL | E89: =SUM(E85:E88) -> 14352 | F89: =SUM(F85:F88) -> 430 | G89: =SUM(G85:G88) -> 334 | H89: =SUM(H85:H88) -> 310 | I89: =SUM(I85:I88) -> 483 | J89: =SUM(J85:J88) -> 392 | K89: =SUM(K85:K88) -> 432 | L89: =SUM(L85:L88) -> 518 | ... S89: =SUM(S85:S88) -> 504.83333 | T89: =U89/S89 -> 15.508088 | U89: =SUM(E89-R89) -> 7829 | V89: TOTAL
B92: IN-BOND TRANSFERS | E92: Starting Cases | F92: In(+) or Out(-) Cases | R92: Remaining Cases | V92: IN-BOND TRANSFERS
B100: IN-BOND TRANSFERS | E100: Starting Gallons | F100: In(+) or Out(-) Bulk Gallons | R100: Remaining Gallons

Sheet 2017
B7: CASES MOVED PER MONTH | V7: CASES MOVED PER MONTH
A8: ABC # | B8: Year | C8: Wine | D8: 2016 Monthly Avg. | E8: 2017 BOY Inventory | F8: Jan | G8: Feb | H8: Mar | I8: Apr | J8: May | K8: Jun | L8: Jul | M8: Aug | N8: Sep | O8: Oct | P8: Nov | Q8: Dec | R8: Totals | S8: 2016 Monthly Avg. | T8: Months Left | U8: Remaining Inventory | V8: Year | W8: Wine | AB8: 201+AB8:AE667 | AD8: Bottling Info | AL8: Date | AN8: Description and volume of addition
F9: 1 | AB9: Bottling Date | AC9: Vintage | AD9: Varietal Bottled (please list one per line) | AE9: # Cases Bottled
A10: 22384 | B10: 2013 | C10: Merlot | E10: 204 | F10: 17 | G10: 23 | H10: 0 | I10: 14 | J10: 21 | K10: 21 | L10: 62 | M10: 18 | R10: =SUM(F10:Q10) -> 176 | S10: =IFERROR((AVERAGE(F10:Q10)),0) -> 22 | T10: =IFERROR((U10/S10),0) -> 1.2727273 | U10: =SUM(E10-R10) -> 28 | V10: 2013 | W10: Merlot
A11: 28361 | B11: 2013 | C11: Cab Sauv | E11: 87 | F11: 18 | G11: 12 | H11: 31 | I11: 23 | J11: 3 | R11: =SUM(F11:Q11) -> 87 | S11: =IFERROR((AVERAGE(F11:Q11)),0) -> 17.4 | T11: =IFERROR((U11/S11),0) -> 0 | U11: =SUM(E11-R11) -> 0 | V11: 2013 | W11: Cab Sauv | AB11: 42772 | AC11: 2016 | AD11: Bull Run Riesling | AE11: 394
AB12: 42772 | AC12: 2016 | AD12: Bull Run Rose | AE12: 442 | AL12: 42750 | AN12: 350 lbs of sugar
A13: 57632 | B13: 2014 | C13: Viognier | E13: 54 | F13: 0 | G13: 31 | H13: 23 | R13: =SUM(F13:Q13) -> 54 | S13: =IFERROR((AVERAGE(F13:Q13)),0) -> 18 | T13: =IFERROR((U13/S13),0) -> 0 | U13: =SUM(E13-R13) -> 0 | V13: 2014 | W13: Viognier | AB13: 42772 | AC13: 2016 | AD13: Bull Run Delaney | AE13: 2227 | AL13: 42769 | AN13: 6 gallons top off wine moved from PC to VH (norton)
A14: 57630 | B14: 2014 | C14: Chardonnay | E14: 257 | F14: 7 | G14: 100 | H14: 29 | I14: 39 | J14: 37 | K14: 41 | L14: 4 | R14: =SUM(F14:Q14) -> 257 | S14: =IFERROR((AVERAGE(F14:Q14)),0) -> 36.714286 | T14: =IFERROR((U14/S14),0) -> 0 | U14: =SUM(E14-R14) -> 0 | V14: 2014 | W14: Chardonnay | AB14: 42772 | AC14: 2016 | AD14: White Blend (Delaney) for Hammerstone | AE14: 33
A15: 22382 | B15: 2014 | C15: Cab Franc | E15: 75 | F15: 42 | G15: 33 | R15: =SUM(F15:Q15) -> 75 | S15: =IFERROR((AVERAGE(F15:Q15)),0) -> 37.5 | T15: =IFERROR((U15/S15),0) -> 0 | U15: =SUM(E15-R15) -> 0 | V15: 2014 | W15: Cab Franc | AB15: 42800 | AC15: 2016 | AD15: PC Vidal Blanc | AE15: 518 | AF15: ** Added to Inv Sheet BOY | AL15: 42782 | AN15: 10 gallons top off wine moved from PC to VH
A16: 84802 | B16: 2014 | C16: Cab Franc Res | E16: 205 | F16: 0 | G16: 5 | H16: 17 | I16: 7 | J16: 0 | K16: 4 | L16: 8 | M16: 8 | N16: 12 | O16: 16 | P16: 22 | Q16: 51 | R16: =SUM(F16:Q16) -> 150 | S16: =IFERROR((AVERAGE(F16:Q16)),0) -> 12.5 | T16: =IFERROR((U16/S16),0) -> 4.4 | U16: =SUM(E16-R16) -> 55 | V16: 2014 | W16: Cab Franc Res | AB16: 42800 | AC16: 2016 | AD16: Wine Club Rose | AE16: 50 | AF16: ** Added to Inv Sheet BOY | AL16: 42769 | AN16: 800 lbs of sugar (used for Delaney)
A17: 22384 | B17: 2014 | C17: Merlot | E17: 196 | F17: 0 | G17: 0 | H17: 20 | I17: 0 | J17: 0 | K17: 0 | L17: 9 | M17: 0 | N17: 0 | O17: 20 | P17: 14 | Q17: 14 | R17: =SUM(F17:Q17) -> 77 | S17: =IFERROR((AVERAGE(F17:Q17)),0) -> 6.4166667 | T17: =IFERROR((U17/S17),0) -> 18.545455 | U17: =SUM(E17-R17) -> 119 | V17: 2014 | W17: Merlot | AB17: 42800 | AC17: 2016 | AD17: Effingham Rose (shiners) | AE17: 253 | AF17: ** Added to Inv Sheet BOY | AL17: 42851 | AN17: 27 lbs of sugar added to 2016 Effingham Traminette
A18: 27736 | B18: 2014 | C18: Petit Verdot | E18: 179 | F18: 31 | G18: 25 | H18: 42 | I18: 74 | J18: 7 | R18: =SUM(F18:Q18) -> 179 | S18: =IFERROR((AVERAGE(F18:Q18)),0) -> 35.8 | T18: =IFERROR((U18/S18),0) -> 0 | U18: =SUM(E18-R18) -> 0 | V18: 2014 | W18: Petit Verdot | AB18: 42800 | AC18: 2016 | AD18: Bull Run Pinot Gris | AE18: 456 | AL18: 42872 | AN18: 62 lbs of sugar added to 2016 BR Long Tom
A19: 28361 | B19: 2014 | C19: Cab Sauv | E19: 101 | F19: 3 | G19: 0 | H19: 2 | I19: 0 | J19: 42 | K19: 20 | L19: 0 | M19: 34 | R19: =SUM(F19:Q19) -> 101 | S19: =IFERROR((AVERAGE(F19:Q19)),0) -> 12.625 | T19: =IFERROR((U19/S19),0) -> 0 | U19: =SUM(E19-R19) -> 0 | V19: 2014 | W19: Cab Sauv | AB19: 4/28/2017 and 5/8/17 | AC19: 2016 | AD19: Effingham Traminette | AE19: 147 | AF19: Only partial bottling - Truck broke down | AI19: **Added to inv Sheet BOY | AL19: 42895 | AN19: 40 lbs of sugar added to 2016 LH Vio
A20: 22921 | B20: 2014 | C20: Ameritage | E20: 513 | F20: 52 | G20: 96 | H20: 52 | I20: 50 | J20: 69 | K20: 50 | L20: 62 | M20: 51 | N20: 31 | R20: =SUM(F20:Q20) -> 513 | S20: =IFERROR((AVERAGE(F20:Q20)),0) -> 57 | T20: =IFERROR((U20/S20),0) -> 0 | U20: =SUM(E20-R20) -> 0 | V20: 2014 | W20: Ameritage | AB20: 42863 | AC20: 2016 | AD20: PC Petit Manseng | AE20: 521 | AF20: 478 Screw Cap and 43 Cork Finish *** added to Inv Sheet BOY | AL20: 42557 | AN20: 20 lbs of sugar added to 2016 LH Vio
A21: 34641 | B21: 2014 | C21: Ameritage Res | E21: 357 | F21: 39 | G21: 11 | H21: 42 | I21: 41 | J21: 3 | K21: 55 | L21: 35 | M21: 32 | N21: 35 | O21: 25 | P21: 39 | R21: =SUM(F21:Q21) -> 357 | S21: =IFERROR((AVERAGE(F21:Q21)),0) -> 32.454545 | T21: =IFERROR((U21/S21),0) -> 0 | U21: =SUM(E21-R21) -> 0 | V21: 2014 | W21: Ameritage Res | AB21: 42863 | AC21: 2016 | AD21: Bull Run Petit Manseng | AE21: 450 | AL21: 42989 | AN21: 236 Gallons Chardonnay Concentrate
A22: 18004 | B22: 2014 | C22: Malbec Res | E22: 82 | F22: 14 | G22: 4 | H22: 20 | I22: 12 | J22: 8 | K22: 0 | L22: 15 | M22: 9 | R22: =SUM(F22:Q22) -> 82 | S22: =IFERROR((AVERAGE(F22:Q22)),0) -> 10.25 | T22: =IFERROR((U22/S22),0) -> 0 | U22: =SUM(E22-R22) -> 0 | V22: 2014 | W22: Malbec Res | AB22: 42863 | AC22: 2016 | AD22: Bull Run SS Chard | AE22: 670 | AL22: 42989 | AN22: 56 Gallons Gewurztraminer
A23: 28381 | B23: 2014 | C23: Farm Use | E23: 138 | F23: 0 | G23: 9 | H23: 1 | I23: 7 | J23: 9 | K23: 9 | L23: 0 | M23: 30 | N23: 5 | O23: 6 | P23: 13 | Q23: 16 | R23: =SUM(F23:Q23) -> 105 | S23: =IFERROR((AVERAGE(F23:Q23)),0) -> 8.75 | T23: =IFERROR((U23/S23),0) -> 3.7714286 | U23: =SUM(E23-R23) -> 33 | V23: 2014 | W23: Farm Use | AB23: 42870 | AC23: 2016 | AD23: PC Wine Club Sauv Blanc | AE23: 90 | AF23: Bottled as shiners | AG23: **Added to Inv Sheet BOY | AL23: 42989 | AN23: 48 Gallons Viognier
AB24: 42874 | AC24: 2016 | AD24: PC Riesling | AE24: 249 | AF24: Bottled on 5/19 and 5/22/17 - 105 cs bottled as shiners and need to be hand labled) | AL24: 42989 | AN24: 96 Gallons Petit Verdot
A25: 57632 | B25: 2015 | C25: Viognier | E25: 342 | F25: 19 | G25: 0 | H25: 11 | I25: 57 | J25: 59 | K25: 53 | L25: 55 | M25: 33 | N25: 49 | R25: =SUM(F25:Q25) -> 336 | S25: =IFERROR((AVERAGE(F25:Q25)),0) -> 37.333333 | T25: =IFERROR((U25/S25),0) -> 0.16071429 | U25: =SUM(E25-R25) -> 6 | V25: 2015 | W25: Viognier | AB25: 42877 | AC25: 2016 | AD25: Bull Run Long Tom | AE25: 288 | AL25: 42989 | AN25: 36 Gallons Merlot
A26: 57630 | B26: 2015 | C26: Chardonnay | E26: 462 | F26: 20 | G26: 0 | H26: 32 | I26: 18 | J26: 15 | K26: 1 | L26: 48 | M26: 39 | N26: 40 | O26: 35 | P26: 40 | Q26: 36 | R26: =SUM(F26:Q26) -> 324 | S26: =IFERROR((AVERAGE(F26:Q26)),0) -> 27 | T26: =IFERROR((U26/S26),0) -> 5.1111111 | U26: =SUM(E26-R26) -> 138 | V26: 2015 | W26: Chardonnay | AB26: 42900 | AC26: 2016 | AD26: Hammerstone Vio | AE26: 30 | AL26: 42989 | AN26: 96 Gallons Cab Sauv
A27: 22382 | B27: 2015 | C27: Cab Franc | E27: 373 | F27: 0 | G27: 7 | H27: 31 | I27: 23 | J27: 67 | K27: 36 | L27: 36 | M27: 30 | N27: 0 | O27: 18 | P27: 20 | Q27: 35 | R27: =SUM(F27:Q27) -> 303 | S27: =IFERROR((AVERAGE(F27:Q27)),0) -> 25.25 | T27: =IFERROR((U27/S27),0) -> 2.7722772 | U27: =SUM(E27-R27) -> 70 | V27: 2015 | W27: Cab Franc | AB27: 42900 | AC27: 2016 | AD27: Hammerstone Chardonnay | AE27: 30 | AL27: 42989 | AN27: 78 Gallons Cab Franc
A28: 84802 | B28: 2015 | C28: Cab Franc Res | E28: 224 | F28: 6 | G28: 0 | H28: 0 | I28: 0 | J28: 0 | K28: 2 | L28: 5 | M28: 0 | N28: 0 | O28: 1 | P28: 0 | Q28: 0 | R28: =SUM(F28:Q28) -> 14 | S28: =IFERROR((AVERAGE(F28:Q28)),0) -> 1.1666667 | T28: =IFERROR((U28/S28),0) -> 180 | U28: =SUM(E28-R28) -> 210 | V28: 2015 | W28: Cab Franc Res | AB28: 42900 | AC28: 2016 | AD28: Bull Run Viognier | AE28: 659 | AL28: 42989 | AN28: 12 gallons Mega Purple
A29: 22384 | B29: 2015 | C29: Merlot | E29: 0 | R29: =SUM(F29:Q29) -> 0 | S29: =IFERROR((AVERAGE(F29:Q29)),0) -> 0 | T29: =IFERROR((U29/S29),0) -> 0 | U29: =SUM(E29-R29) -> 0 | V29: 2015 | W29: Merlot | AB29: 42900 | AC29: 2016 | AD29: Bull Run Barrel Chardonnay | AE29: 594 | AL29: 43125 | AN29: 110 Gallons Guwurtzimer Conentrate
A30: 27736 | B30: 2015 | C30: Petit Verdot | E30: 309 | F30: 0 | G30: 0 | H30: 15 | I30: 2 | J30: 41 | K30: 24 | L30: 26 | M30: 26 | N30: 39 | O30: 29 | P30: 39 | Q30: 41 | R30: =SUM(F30:Q30) -> 282 | S30: =IFERROR((AVERAGE(F30:Q30)),0) -> 23.5 | T30: =IFERROR((U30/S30),0) -> 1.1489362 | U30: =SUM(E30-R30) -> 27 | V30: 2015 | W30: Petit Verdot | AB30: 42927 | AC30: 2016 | AD30: PC Viognier | AE30: 663 | AF30: ** Added to Inv Sheet BOY
A31: 28361 | B31: 2015 | C31: Cab Sauv | E31: 115 | F31: 0 | G31: 0 | H31: 3 | I31: 0 | J31: 0 | K31: 0 | L31: 43 | M31: 11 | N31: 25 | O31: 18 | P31: 15 | R31: =SUM(F31:Q31) -> 115 | S31: =IFERROR((AVERAGE(F31:Q31)),0) -> 10.454545 | T31: =IFERROR((U31/S31),0) -> 0 | U31: =SUM(E31-R31) -> 0 | V31: 2015 | W31: Cab Sauv | AB31: 42927 | AC31: 2016 | AD31: PC Chardonnay | AE31: 733 | AF31: ** Added to Inv Sheet BOY
A32: 22921 | B32: 2015 | C32: Ameritage ***orig bottling was 671 but Dec 2017 111 cases were relabeled as 2016 Am. | E32: 560 | F32: 13 | G32: 0 | H32: 33 | I32: 4 | J32: 1 | K32: 2 | L32: 0 | M32: 2 | N32: 41 | O32: 61 | P32: 66 | Q32: 73 | R32: =SUM(F32:Q32) -> 296 | S32: =IFERROR((AVERAGE(F32:Q32)),0) -> 24.666667 | T32: =IFERROR((U32/S32),0) -> 10.702703 | U32: =SUM(E32-R32) -> 264 | V32: 2015 | W32: Ameritage | AB32: 42927 | AC32: 2016 | AD32: Chardonnay | AE32: 30 | AF32: Bottled as shiners
A33: 34641 | B33: 2015 | C33: Ameritage Res | E33: 269 | F33: 0 | G33: 0 | H33: 0 | I33: 3 | J33: 10 | K33: 0 | L33: 46 | M33: 0 | N33: 0 | O33: 0 | P33: 0 | Q33: 0 | R33: =SUM(F33:Q33) -> 59 | S33: =IFERROR((AVERAGE(F33:Q33)),0) -> 4.9166667 | T33: =IFERROR((U33/S33),0) -> 42.711864 | U33: =SUM(E33-R33) -> 210 | V33: 2015 | W33: Ameritage Res | AB33: 42927 | AC33: 2016 | AD33: Effingham Chardonnay | AE33: 310 | AF33: ** Added to Inv Sheet BOY
A34: 18004 | B34: 2015 | C34: Malbec | E34: 220 | F34: 0 | G34: 0 | H34: 0 | I34: 0 | J34: 0 | K34: 0 | L34: 0 | M34: 0 | N34: 0 | O34: 20 | P34: 0 | Q34: 5 | R34: =SUM(F34:Q34) -> 25 | S34: =IFERROR((AVERAGE(F34:Q34)),0) -> 2.0833333 | T34: =IFERROR((U34/S34),0) -> 93.6 | U34: =SUM(E34-R34) -> 195 | V34: 2015 | W34: Malbec | AB34: 42927 | AC34: 2016 | AD34: Poplar Springs Chardonnay | AE34: 141 | AF34: Bottled as shiners
A35: 86051 | B35: 2015 | C35: Black Ops | E35: 392 | F35: 6 | G35: 13 | H35: 22 | I35: 16 | J35: 79 | K35: 0 | L35: 0 | M35: 21 | N35: 27 | O35: 18 | P35: 28 | Q35: 36 | R35: =SUM(F35:Q35) -> 266 | S35: =IFERROR((AVERAGE(F35:Q35)),0) -> 22.166667 | T35: =IFERROR((U35/S35),0) -> 5.6842105 | U35: =SUM(E35-R35) -> 126 | V35: 2015 | W35: Black Ops | AB35: 42928 | AC35: 2016 | AD35: BR Vidal Blanc | AE35: 307
A36: 28381 | B36: 2015 | C36: Farm Use | E36: 0 | R36: =SUM(F36:Q36) -> 0 | S36: =IFERROR((AVERAGE(F36:Q36)),0) -> 0 | T36: =IFERROR((U36/S36),0) -> 0 | U36: =SUM(E36-R36) -> 0 | V36: 2015 | W36: Farm Use | AB36: 42928 | AC36: 2016 | AD36: BR Sweet Victory | AE36: 149
AB37: 42928 | AC37: 2016 | AD37: PC Late Harvest Vio | AE37: 58 | AF37: ** Added to Inv Sheet BOY
A38: 111575 | B38: 2016 | C38: Wine Club Rose | E38: 50 | J38: 31 | K38: 10 | L38: 9 | R38: =SUM(F38:Q38) -> 50 | S38: =IFERROR((AVERAGE(F38:Q38)),0) -> 16.666667 | T38: =IFERROR((U38/S38),0) -> 0 | U38: =SUM(E38-R38) -> 0 | V38: 2016 | W38: Wine Club Rose | AB38: 42977 | AC38: 2016 | AD38: TWBR Norton | AE38: 400 | AF38: Bottled at Bull Run
A39: 111574 | B39: 2016 | C39: Vidal Blanc | E39: 518 | I39: 55 | J39: 35 | K39: 31 | L39: 28 | M39: 34 | N39: 27 | O39: 24 | P39: 33 | Q39: 55 | R39: =SUM(F39:Q39) -> 322 | S39: =IFERROR((AVERAGE(F39:Q39)),0) -> 35.777778 | T39: =IFERROR((U39/S39),0) -> 5.4782609 | U39: =SUM(E39-R39) -> 196 | V39: 2016 | W39: Vidal Blanc | AB39: 42977 | AC39: 2016 | AD39: TWBR - Merlot | AE39: 432 | AF39: Bottled at Bull Run
A40: 116506 | B40: 2016 | C40: Wine Club Sauv Blanc | E40: 90 | L40: 4 | M40: 46 | N40: 27 | O40: 5 | P40: 4 | Q40: 0 | R40: =SUM(F40:Q40) -> 86 | S40: =IFERROR((AVERAGE(F40:Q40)),0) -> 14.333333 | T40: =IFERROR((U40/S40),0) -> 0.27906977 | U40: =SUM(E40-R40) -> 4 | V40: 2016 | W40: Wine Club Sauv Blanc | AB40: 42977 | AC40: 2015 | AD40: TWBR Meritage | AE40: 864 | AF40: Bottled at Bull Run
A41: 22385 | B41: 2016 | C41: Riesling | E41: 249 | J41: 16 | K41: 56 | L41: 31 | M41: 28 | N41: 31 | O41: 18 | P41: 69 | R41: =SUM(F41:Q41) -> 249 | S41: =IFERROR((AVERAGE(F41:Q41)),0) -> 35.571429 | T41: =IFERROR((U41/S41),0) -> 0 | U41: =SUM(E41-R41) -> 0 | V41: 2016 | W41: Riesling | AB41: 42978 | AC41: 2016 | AD41: Poplar Springs Petit Verdot | AE41: 57 | AF41: 10 of these bottled as shiners
A42: 11198 | B42: 2016 | C42: Petit Manseng | E42: 521 | J42: 65 | K42: 44 | L42: 40 | M42: 48 | N42: 48 | O42: 66 | P42: 6 | Q42: 31 | R42: =SUM(F42:Q42) -> 348 | S42: =IFERROR((AVERAGE(F42:Q42)),0) -> 43.5 | T42: =IFERROR((U42/S42),0) -> 3.9770115 | U42: =SUM(E42-R42) -> 173 | V42: 2016 | W42: Petit Manseng | AB42: 42978 | AC42: 2016 | AD42: Poplar Springs Merlot | AE42: 56 | AF42: Bottled as shiners
A43: 57632 | B43: 2016 | C43: Viognier | E43: 663 | L43: 6 | M43: 41 | N43: 18 | O43: 46 | P43: 52 | Q43: 40 | R43: =SUM(F43:Q43) -> 203 | S43: =IFERROR((AVERAGE(F43:Q43)),0) -> 33.833333 | T43: =IFERROR((U43/S43),0) -> 13.596059 | U43: =SUM(E43-R43) -> 460 | V43: 2016 | W43: Viognier | AB43: 42978 | AC43: 2016 | AD43: Effingham Merlot | AE43: 200 | AF43: ** Added to Inv Sheet BOY
A44: 57630 | B44: 2016 | C44: Chardonnay | E44: 733 | L44: 3 | M44: 3 | N44: 8 | O44: 0 | P44: 0 | Q44: 0 | R44: =SUM(F44:Q44) -> 14 | S44: =IFERROR((AVERAGE(F44:Q44)),0) -> 2.3333333 | T44: =IFERROR((U44/S44),0) -> 308.14286 | U44: =SUM(E44-R44) -> 719 | V44: 2016 | W44: Chardonnay | AB44: 42978 | AC44: 2016 | AD44: Effingham Meritage | AE44: 299 | AF44: ** Added to Inv Sheet BOY
A45: 38269 | B45: 2016 | C45: LH Viognier | E45: 58 | L45: 0 | M45: 0 | N45: 16 | O45: 0 | P45: 7 | Q45: 11 | R45: =SUM(F45:Q45) -> 34 | S45: =IFERROR((AVERAGE(F45:Q45)),0) -> 5.6666667 | T45: =IFERROR((U45/S45),0) -> 4.2352941 | U45: =SUM(E45-R45) -> 24 | V45: 2016 | W45: LH Viognier | AB45: 42978 | AC45: 2016 | AD45: PC Petit Verdot | AE45: 800 | AF45: ** Added to Inv Sheet BOY
A46: 22382 | B46: 2016 | C46: Cab Franc | E46: 714 | N46: 14 | O46: 6 | P46: 0 | Q46: 0 | R46: =SUM(F46:Q46) -> 20 | S46: =IFERROR((AVERAGE(F46:Q46)),0) -> 5 | T46: =IFERROR((U46/S46),0) -> 138.8 | U46: =SUM(E46-R46) -> 694 | V46: 2016 | W46: Cab Franc | AB46: 42978 | AC46: 2016 | AD46: PC Cab Franc | AE46: 714 | AF46: ** Added to Inv Sheet BOY
A47: 84802 | B47: 2016 | C47: Cab Franc Res | E47: 139 | Q47: 6 | R47: =SUM(F47:Q47) -> 6 | S47: =IFERROR((AVERAGE(F47:Q47)),0) -> 6 | T47: =IFERROR((U47/S47),0) -> 22.166667 | U47: =SUM(E47-R47) -> 133 | V47: 2016 | W47: Cab Franc Res | AB47: 42986 | AC47: 2016 | AD47: Hammerstone Cab Franc | AE47: 50
B48: 2016 | C48: Petit Verdot Reserve | E48: 454 | R48: =SUM(F48:Q48) -> 0 | S48: =IFERROR((AVERAGE(F48:Q48)),0) -> 0 | T48: =IFERROR((U48/S48),0) -> 0 | U48: =SUM(E48-R48) -> 454 | V48: 2016 | W48: Merlot | AB48: 43056 | AC48: 2015 | AD48: Hammerstone Norton | AE48: 49.5
A49: 27736 | B49: 2016 | C49: Petit Verdot | E49: 800 | N49: 16 | O49: 0 | P49: 34 | Q49: 23 | R49: =SUM(F49:Q49) -> 73 | S49: =IFERROR((AVERAGE(F49:Q49)),0) -> 18.25 | T49: =IFERROR((U49/S49),0) -> 39.835616 | U49: =SUM(E49-R49) -> 727 | V49: 2016 | W49: Petit Verdot | AB49: 43074 | AC49: 2016 | AD49: PC Cab Sauv | AE49: 194 | AF49: ** Added to Inv Sheet BOY
A50: 28361 | B50: 2016 | C50: Cab Sauv | E50: 194 | Q50: 19 | R50: =SUM(F50:Q50) -> 19 | S50: =IFERROR((AVERAGE(F50:Q50)),0) -> 19 | T50: =IFERROR((U50/S50),0) -> 9.2105263 | U50: =SUM(E50-R50) -> 175 | V50: 2016 | W50: Cab Sauv | AB50: 43074 | AC50: 2016 | AD50: PC Ameritage | AE50: 904 | AF50: ** Added to Inv Sheet BOY
A51: 22921 | B51: 2016 | C51: Ameritage ***Orig bottling was 904 cases but 111 cases of 2015 AM were relabeled as 2016 | E51: 1015 | Q51: 0 | R51: =SUM(F51:Q51) -> 0 | S51: =IFERROR((AVERAGE(F51:Q51)),0) -> 0 | T51: =IFERROR((U51/S51),0) -> 0 | U51: =SUM(E51-R51) -> 1015 | V51: 2016 | W51: Ameritage | AB51: 43074 | AC51: 2016 | AD51: EFF Tannat | AE51: 167 | AF51: ** Added to EFF Inv Sheet BOY
A52: 34641 | B52: 2016 | C52: Ameritage Res | E52: 620 | Q52: 8 | R52: =SUM(F52:Q52) -> 8 | S52: =IFERROR((AVERAGE(F52:Q52)),0) -> 8 | T52: =IFERROR((U52/S52),0) -> 76.5 | U52: =SUM(E52-R52) -> 612 | V52: 2016 | W52: Ameritage Res | AB52: 43075 | AC52: 2016 | AD52: Bull Run Reconcilation | AE52: 274
A53: 115264 | B53: 2016 | C53: LH Tannat | E53: 344 | Q53: 5 | R53: =SUM(F53:Q53) -> 5 | S53: =IFERROR((AVERAGE(F53:Q53)),0) -> 5 | T53: =IFERROR((U53/S53),0) -> 67.8 | U53: =SUM(E53-R53) -> 339 | V53: 2016 | W53: LH Tannat | AB53: 43075 | AC53: 2015 | AD53: Bull Run Meritage Reserve | AE53: 213
A54: 86051 | B54: 2016 | C54: Black Ops | E54: 116 | Q54: 14 | R54: =SUM(F54:Q54) -> 14 | S54: =IFERROR((AVERAGE(F54:Q54)),0) -> 14 | T54: =IFERROR((U54/S54),0) -> 7.2857143 | U54: =SUM(E54-R54) -> 102 | V54: 2016 | W54: Black Ops | AB54: 43076 | AC54: 2016 | AD54: PC Cab Franc Reserve | AE54: 139 | AF54: ** Added to Inv Sheet BOY
A55: 28381 | B55: 2016 | C55: Farm Use | R55: =SUM(F55:Q55) -> 0 | S55: =IFERROR((AVERAGE(F55:Q55)),0) -> 0 | T55: =IFERROR((U55/S55),0) -> 0 | U55: =SUM(E55-R55) -> 0 | V55: 2016 | W55: Farm Use | AB55: 43076 | AC55: 2016 | AD55: PC Ameritage Reserve | AE55: 620 | AF55: ** Added to Inv Sheet BOY
AB56: 43076 | AC56: 2016 | AD56: EFF Kings Ransom | AE56: 503 | AF56: ** Added to EFF Inv Sheet BOY
B57: 2013 | E57: =SUM(E10:E11) -> 291 | F57: =SUM(F10:F11) -> 35 | G57: =SUM(G10:G11) -> 35 | H57: =SUM(H10:H11) -> 31 | I57: =SUM(I10:I11) -> 37 | J57: =SUM(J10:J11) -> 24 | K57: =SUM(K10:K11) -> 21 | L57: =SUM(L10:L11) -> 62 | ... R57: =SUM(R10:R11) -> 263 | S57: =AVERAGE(F57:Q57) -> 21.916667 | T57: =U57/S57 -> 1.2775665 | U57: =SUM(E57-R57) -> 28 | V57: 2013 | AB57: 43076 | AC57: 2016 | AD57: PC Black Ops bottled as shiners | AE57: 116 | AF57: ** Added to Inv Sheet BOY
B58: 2014 | E58: =SUM(E13:E23) -> 2157 | F58: =SUM(F13:F23) -> 188 | G58: =SUM(G13:G23) -> 314 | H58: =SUM(H13:H23) -> 248 | I58: =SUM(I13:I23) -> 230 | J58: =SUM(J13:J23) -> 175 | K58: =SUM(K13:K23) -> 179 | L58: =SUM(L13:L23) -> 133 | ... R58: =SUM(R13:R23) -> 1950 | S58: =AVERAGE(F58:Q58) -> 162.5 | T58: =U58/S58 -> 1.2738462 | U58: =SUM(E58-R58) -> 207 | V58: 2014 | AB58: 43089 | AC58: 2014 | AD58: Late Harvest Tannat **156 of these are shiners | AE58: 344 | AF58: ** Added to Inv Sheet BOY
B59: 2015 | E59: =SUM(E25:E36) -> 3266 | F59: =SUM(F25:F36) -> 64 | G59: =SUM(G25:G36) -> 20 | H59: =SUM(H25:H36) -> 147 | I59: =SUM(I25:I36) -> 123 | J59: =SUM(J25:J36) -> 272 | K59: =SUM(K25:K36) -> 118 | L59: =SUM(L25:L36) -> 259 | ... Q59: =SUM(Q25:Q36) -> 226 | R59: =SUM(R13:R22) -> 1845 | S59: =AVERAGE(F59:Q59) -> 168.33333 | T59: =U59/S59 -> 8.4415842 | U59: =SUM(E59-R59) -> 1421 | V59: 2015 | AB59: 43111 | AC59: 2016 | AD59: Petit Verdot Reserve | AE59: 454
B60: 2016 | E60: =SUM(E38:E55) -> 7278 | F60: =SUM(F38:F55) -> 0 | G60: =SUM(G38:G55) -> 0 | H60: =SUM(H38:H55) -> 0 | I60: =SUM(I38:I55) -> 55 | J60: =SUM(J38:J55) -> 147 | K60: =SUM(K38:K55) -> 141 | L60: =SUM(L38:L55) -> 121 | ... Q60: =SUM(Q38:Q55) -> 212 | AB60: 43111 | AC60: 2016 | AD60: Black Ops - 4th mission | AE60: 384
B61: TOTAL | E61: =SUM(E38:E59) -> 12992 | F61: =SUM(F38:F59) -> 287 | G61: =SUM(G38:G59) -> 369 | H61: =SUM(H38:H59) -> 426 | I61: =SUM(I38:I59) -> 445 | J61: =SUM(J38:J59) -> 618 | K61: =SUM(K38:K59) -> 459 | L61: =SUM(L38:L59) -> 575 | ... S61: =SUM(S38:S59) -> 615.68254 | T61: =U61/S61 -> 12.153991 | U61: =SUM(E61-R61) -> 7483 | V61: TOTAL
B64: EFFINGHAM | V64: EFFINGHAM
A67: 100465 | B67: 2014 | C67: Meritage | E67: 284 | F67: 0 | G67: 0 | H67: 0 | I67: 0 | J67: 0 | K67: 0 | L67: 0 | M67: 0 | R67: =SUM(F67:Q67) -> 0 | S67: =IFERROR((AVERAGE(F67:Q67)),0) -> 0 | T67: =IFERROR((U67/S67),0) -> 0 | U67: =SUM(E67-R67) -> 284 | V67: 2014 | W67: Eff Meritage
A68: 97511 | B68: 2014 | C68: Chardonnay | E68: 338 | F68: 0 | G68: 2 | H68: 0 | I68: 15 | J68: 0 | K68: 0 | L68: 0 | M68: 0 | R68: =SUM(F68:Q68) -> 17 | S68: =IFERROR((AVERAGE(F68:Q68)),0) -> 2.125 | T68: =IFERROR((U68/S68),0) -> 151.05882 | U68: =SUM(E68-R68) -> 321 | V68: 2014 | W68: Chardonnay
A69: 102768 | B69: 2014 | C69: Tannat | E69: 116 | F69: 0 | G69: 6 | H69: 7 | I69: 0 | J69: 0 | K69: 16 | L69: 0 | M69: 0 | R69: =SUM(F69:Q69) -> 29 | S69: =IFERROR((AVERAGE(F69:Q69)),0) -> 3.625 | T69: =IFERROR((U69/S69),0) -> 24 | U69: =SUM(E69-R69) -> 87 | V69: 2014 | W69: Tannat
A70: 101639 | B70: 2014 | C70: Norton | E70: 400 | F70: 0 | G70: 0 | H70: 0 | I70: 0 | J70: 0 | K70: 0 | L70: 0 | M70: 0 | R70: =SUM(F70:Q70) -> 0 | S70: =IFERROR((AVERAGE(F70:Q70)),0) -> 0 | T70: =IFERROR((U70/S70),0) -> 0 | U70: =SUM(E70-R70) -> 400 | V70: 2014 | W70: Norton
A71: 100463 | B71: 2014 | C71: King's Ransom | E71: 65 | F71: 0 | G71: 1 | H71: 22 | I71: 0 | J71: 0 | K71: 0 | L71: 0 | M71: 0 | R71: =SUM(F71:Q71) -> 23 | S71: =IFERROR((AVERAGE(F71:Q71)),0) -> 2.875 | T71: =IFERROR((U71/S71),0) -> 14.608696 | U71: =SUM(E71-R71) -> 42 | V71: 2014 | W71: Eff King's Ransom
A73: 97509 | B73: 2015 | C73: Traminette | E73: 287 | F73: 2 | G73: 14 | H73: 46 | I73: 0 | J73: 3 | K73: 3 | L73: 4 | M73: 0 | R73: =SUM(F73:Q73) -> 72 | S73: =IFERROR((AVERAGE(F73:Q73)),0) -> 9 | T73: =IFERROR((U73/S73),0) -> 23.888889 | U73: =SUM(E73-R73) -> 215 | V73: 2015 | W73: Traminette
A74: 101636 | B74: 2015 | C74: Viognier | E74: 173 | F74: 0 | G74: 3 | H74: 0 | I74: 0 | J74: 0 | K74: 0 | L74: 0 | M74: 0 | R74: =SUM(F74:Q74) -> 3 | S74: =IFERROR((AVERAGE(F74:Q74)),0) -> 0.375 | T74: =IFERROR((U74/S74),0) -> 453.33333 | U74: =SUM(E74-R74) -> 170 | V74: 2015 | W74: Viognier
A75: 101819 | B75: N/V | C75: Sparkling | E75: 82 | F75: 2 | G75: 4 | H75: 2 | I75: 0 | J75: 8 | K75: 0 | L75: 0 | M75: 0 | R75: =SUM(F75:Q75) -> 16 | S75: =IFERROR((AVERAGE(F75:Q75)),0) -> 2 | T75: =IFERROR((U75/S75),0) -> 33 | U75: =SUM(E75-R75) -> 66 | W75: Sparkling
A76: 101638 | B76: 2015 | C76: Merlot | E76: 299 | F76: 0 | G76: 0 | H76: 0 | I76: 0 | J76: 0 | K76: 0 | L76: 0 | M76: 0 | R76: =SUM(F76:Q76) -> 0 | S76: =IFERROR((AVERAGE(F76:Q76)),0) -> 0 | T76: =IFERROR((U76/S76),0) -> 0 | U76: =SUM(E76-R76) -> 299 | V76: 2015 | W76: Merlot
A77: 100464 | B77: 2015 | C77: Rose | E77: 261 | F77: 13 | G77: 33 | H77: 68 | I77: 0 | J77: 5 | K77: 20 | L77: 5 | M77: 12 | N77: 5 | R77: =SUM(F77:Q77) -> 161 | S77: =IFERROR((AVERAGE(F77:Q77)),0) -> 17.888889 | T77: =IFERROR((U77/S77),0) -> 5.5900621 | U77: =SUM(E77-R77) -> 100 | V77: 2015 | W77: Rose
A78: 100465 | B78: 2015 | C78: Meritage | E78: 183 | F78: 0 | G78: 2 | H78: 3 | I78: 1 | J78: 1 | K78: 23 | L78: 0 | M78: 0 | R78: =SUM(F78:Q78) -> 30 | S78: =IFERROR((AVERAGE(F78:Q78)),0) -> 3.75 | U78: =SUM(E78-R78) -> 153 | V78: 2015 | W78: Meritage
A79: 100463 | B79: 2015 | C79: Kings Ransom | E79: 153 | F79: 1 | G79: 0 | H79: 0 | I79: 0 | J79: 0 | K79: 0 | L79: 0 | M79: 0 | R79: =SUM(F79:Q79) -> 1 | S79: =IFERROR((AVERAGE(F79:Q79)),0) -> 0.125 | U79: =SUM(E79-R79) -> 152 | V79: 2015 | W79: Kings Ransom
A80: 97510 | B80: 2015 | C80: Cab Franc | E80: 0 | R80: =SUM(F80:Q80) -> 0 | S80: =IFERROR((AVERAGE(F80:Q80)),0) -> 0 | T80: =IFERROR((U80/S80),0) -> 0 | U80: =SUM(E80-R80) -> 0 | V80: 2015 | W80: Cab Franc
A82: 100464 | B82: 2016 | C82: Rose | E82: 253 | I82: 1 | J82: 2 | K82: 15 | L82: 0 | M82: 18 | R82: =SUM(F82:Q82) -> 36 | S82: =IFERROR((AVERAGE(F82:Q82)),0) -> 7.2 | T82: =IFERROR((U82/S82),0) -> 30.138889 | U82: =SUM(E82-R82) -> 217 | V82: 2016 | W82: Eff Rose
A83: 97509 | B83: 2016 | C83: Traminette | E83: 147 | F83: 0 | G83: 0 | H83: 2 | I83: 0 | J83: 1 | K83: 0 | L83: 0 | M83: 5 | R83: =SUM(F83:Q83) -> 8 | S83: =IFERROR((AVERAGE(F83:Q83)),0) -> 1 | T83: =IFERROR((U83/S83),0) -> 139 | U83: =SUM(E83-R83) -> 139 | V83: 2016 | W83: Traminette
A84: 97511 | B84: 2016 | C84: Chardonnay | E84: 310 | L84: 0 | M84: 0 | R84: =SUM(F84:Q84) -> 0 | S84: =IFERROR((AVERAGE(F84:Q84)),0) -> 0 | T84: =IFERROR((U84/S84),0) -> 0 | U84: =SUM(E84-R84) -> 310 | V84: 2016 | W84: Chardonnay
A85: 100465 | B85: 2016 | C85: Meritage | E85: 299 | R85: =SUM(F85:Q85) -> 0 | S85: =IFERROR((AVERAGE(F85:Q85)),0) -> 0 | T85: =IFERROR((U85/S85),0) -> 0 | U85: =SUM(E85-R85) -> 299 | V85: 2016 | W85: Meritage
A86: 101638 | B86: 2016 | C86: Merlot | E86: 200 | R86: =SUM(F86:Q86) -> 0 | S86: =IFERROR((AVERAGE(F86:Q86)),0) -> 0 | T86: =IFERROR((U86/S86),0) -> 0 | U86: =SUM(E86-R86) -> 200 | V86: 2016 | W86: Merlot
R87: =SUM(F87:Q87) -> 0 | S87: =IFERROR((AVERAGE(F87:Q87)),0) -> 0 | T87: =IFERROR((U87/S87),0) -> 0 | U87: =SUM(E87-R87) -> 0
B89: 2014 | E89: =SUM(E67:E71) -> 1203 | F89: =SUM(F67:F71) -> 0 | G89: =SUM(G67:G71) -> 9 | H89: =SUM(H67:H71) -> 29 | I89: =SUM(I67:I71) -> 15 | J89: =SUM(J67:J71) -> 0 | K89: =SUM(K67:K71) -> 16 | L89: =SUM(L67:L71) -> 0 | ... R89: =SUM(R67:R71) -> 69 | S89: =IFERROR((AVERAGE(F89:Q89)),0) -> 5.75 | T89: =IFERROR((U89/S89),0) -> 197.21739 | U89: =SUM(E89-R89) -> 1134 | V89: 2014
B90: 2015 | E90: =SUM(E73:E80) -> 1438 | F90: =SUM(F73:F80) -> 18 | G90: =SUM(G73:G80) -> 56 | H90: =SUM(H73:H80) -> 119 | I90: =SUM(I73:I80) -> 1 | J90: =SUM(J73:J80) -> 17 | K90: =SUM(K73:K80) -> 46 | L90: =SUM(L73:L80) -> 9 | ... R90: =SUM(R73:R80) -> 283 | S90: =IFERROR((AVERAGE(F90:Q90)),0) -> 23.583333 | T90: =IFERROR((U90/S90),0) -> 48.975265 | U90: =SUM(E90-R90) -> 1155 | V90: 2015
B91: TOTAL | E91: =SUM(E89:E90) -> 2641 | F91: =SUM(F89:F90) -> 18 | G91: =SUM(G89:G90) -> 65 | H91: =SUM(H89:H90) -> 148 | I91: =SUM(I89:I90) -> 16 | J91: =SUM(J89:J90) -> 17 | K91: =SUM(K89:K90) -> 62 | L91: =SUM(L89:L90) -> 9 | ... U91: =SUM(U89:U90) -> 2289 | V91: TOTAL
B95: Overall | V95: Overall
B96: 2012 | E96: =#REF! -> #REF! | F96: =#REF! -> #REF! | G96: =#REF! -> #REF! | H96: =#REF! -> #REF! | I96: =#REF! -> #REF! | J96: =#REF! -> #REF! | K96: =#REF! -> #REF! | L96: =#REF! -> #REF! | ... R96: =#REF! -> #REF! | S96: =AVERAGE(F96:Q96) -> #REF! | T96: =U96/S96 -> #REF! | U96: =SUM(E96-R96) -> #REF! | V96: 2012
B97: 2013 | E97: =E57 -> 291 | F97: =F57 -> 35 | G97: =G57 -> 35 | H97: =H57 -> 31 | I97: =I57 -> 37 | J97: =J57 -> 24 | K97: =K57 -> 21 | L97: =L57 -> 62 | ... R97: =R57 -> 263 | S97: =AVERAGE(F97:Q97) -> 21.916667 | T97: =U97/S97 -> 1.2775665 | U97: =SUM(E97-R97) -> 28 | V97: 2013
B98: 2014 | E98: =E89+E58 -> 3360 | F98: =F89+F58 -> 188 | G98: =G89+G58 -> 323 | H98: =H89+H58 -> 277 | I98: =I89+I58 -> 245 | J98: =J89+J58 -> 175 | K98: =K89+K58 -> 195 | L98: =L89+L58 -> 133 | ... Q98: =Q89+Q58 -> 81 | R98: =R58+R89 -> 2019 | S98: =AVERAGE(F98:Q98) -> 168.25 | T98: =U98/S98 -> 7.9702823 | U98: =SUM(E98-R98) -> 1341 | V98: 2014
B99: 2015 | E99: =E90+E59 -> 4704 | F99: =F90+F59 -> 82 | G99: =G90+G59 -> 76 | H99: =H90+H59 -> 266 | I99: =I90+I59 -> 124 | J99: =J90+J59 -> 289 | K99: =K90+K59 -> 164 | L99: =L90+L59 -> 268 | ... Q99: =Q90+Q59 -> 226 | R99: =R59+R90 -> 2128 | S99: =AVERAGE(F99:Q99) -> 191.91667 | T99: =U99/S99 -> 13.422492 | U99: =SUM(E99-R99) -> 2576 | V99: 2015
B100: TOTAL | E100: =SUM(E96:E99) -> #REF! | F100: =SUM(F96:F99) -> #REF! | G100: =SUM(G96:G99) -> #REF! | H100: =SUM(H96:H99) -> #REF! | I100: =SUM(I96:I99) -> #REF! | J100: =SUM(J96:J99) -> #REF! | K100: =SUM(K96:K99) -> #REF! | L100: =SUM(L96:L99) -> #REF! | ... S100: =SUM(S96:S99) -> #REF! | T100: =U100/S100 -> #REF! | U100: =SUM(E100-R100) -> #REF! | V100: TOTAL
B103: IN-BOND TRANSFERS | E103: Starting Cases | F103: In(+) or Out(-) Cases | R103: Remaining Cases | V103: IN-BOND TRANSFERS
B111: IN-BOND TRANSFERS | E111: Starting Gallons | F111: In(+) or Out(-) Bulk Gallons | R111: Remaining Gallons

Sheet 2018
B7: CASES MOVED PER MONTH | U7: CASES MOVED PER MONTH
A8: ABC # | B8: Year | C8: Wine | D8: 2017 BOY Inventory | E8: Jan | F8: Feb | G8: Mar | H8: Apr | I8: May | J8: Jun | K8: Jul | L8: Aug | M8: Sep | N8: Oct | O8: Nov | P8: Dec | Q8: Totals | R8: 2016 Monthly Avg. | S8: Months Left | T8: Remaining Inventory | U8: Year | V8: Wine | AC8: Bottling Info | AK8: Date | AM8: Description and volume of addition
E9: 1 | AA9: Bottling Date | AB9: Vintage | AC9: Varietal Bottled (please list one per line) | AD9: # Cases Bottled
A10: 22384 | B10: 2013 | C10: Merlot | D10: 28 | E10: 28 | Q10: =SUM(E10:P10) -> 28 | R10: =IFERROR((AVERAGE(E10:P10)),0) -> 28 | S10: =IFERROR((T10/R10),0) -> 0 | T10: =SUM(D10-Q10) -> 0 | U10: 2013 | V10: Merlot | AK10: 43117 | AM10: Added 2 -55 gallon drums of Gewurtztraminer concentrate to 2017 BR Delaney
AK11: 43132 | AM11: Added 65 lbs of Sugar to 2017 BR Riesling
A12: 84802 | B12: 2014 | C12: Cab Franc Res | D12: 55 | E12: 14 | F12: 8 | G12: 2 | H12: 4 | I12: 27 | Q12: =SUM(E12:P12) -> 55 | R12: =IFERROR((AVERAGE(E12:P12)),0) -> 11 | S12: =IFERROR((T12/R12),0) -> 0 | T12: =SUM(D12-Q12) -> 0 | U12: 2014 | V12: Cab Franc Res | AA12: 43111 | AB12: 2016 | AC12: Petit Verdot Reserve | AD12: 454 | AE12: **added to BOY inventory | AK12: 43132 | AM12: Added 140 lbs of Sugar to 2017 BR Vidal Blanc
A13: 22384 | B13: 2014 | C13: Merlot | D13: 119 | E13: 12 | F13: 12 | G13: 10 | H13: 7 | I13: 47 | J13: 10 | K13: 8 | L13: 2 | M13: 3 | Q13: =SUM(E13:P13) -> 111 | R13: =IFERROR((AVERAGE(E13:P13)),0) -> 12.333333 | S13: =IFERROR((T13/R13),0) -> 0.64864865 | T13: =SUM(D13-Q13) -> 8 | U13: 2014 | V13: Merlot | AA13: 43137 | AB13: 2017 | AC13: BULL RUN Delaney | AD13: 2091 | AK13: 43186 | AM13: Added 33 lbs of sugar to Fleetwood Rose
A14: 28381 | B14: 2014 | C14: Farm Use | D14: 33 | E14: 10 | F14: 11 | G14: 6 | H14: 6 | Q14: =SUM(E14:P14) -> 33 | R14: =IFERROR((AVERAGE(E14:P14)),0) -> 8.25 | S14: =IFERROR((T14/R14),0) -> 0 | T14: =SUM(D14-Q14) -> 0 | U14: 2014 | V14: Farm Use | AA14: 43111 | AB14: 2016 | AC14: Black Ops - 4th Mission | AD14: 384 | AE14: **added to BOY inventory | AK14: 43186 | AM14: Added 45 lbs of sugar to Effingham Rose
A15: 115264 | B15: 2014 | C15: LH Tannat | D15: 339 | E15: 32 | F15: 0 | G15: 0 | H15: 21 | I15: 3 | J15: 9 | K15: 14 | L15: 16 | M15: 20 | N15: 16 | O15: 68 | P15: 17 | Q15: =SUM(E15:P15) -> 216 | R15: =IFERROR((AVERAGE(E15:P15)),0) -> 18 | S15: =IFERROR((T15/R15),0) -> 6.8333333 | T15: =SUM(D15-Q15) -> 123 | U15: 2016 | V15: LH Tannat
AA16: 43137 | AB16: 2017 | AC16: Delaney | AD16: 2091 | AE16: Bottled at Bull Run | AK16: 43186 | AM16: Added 200 lbs of sugar to BR Rose
A17: 57632 | B17: 2015 | C17: Viognier | D17: 6 | E17: 6 | Q17: =SUM(E17:P17) -> 6 | R17: =IFERROR((AVERAGE(E17:P17)),0) -> 6 | S17: =IFERROR((T17/R17),0) -> 0 | T17: =SUM(D17-Q17) -> 0 | U17: 2015 | V17: Viognier | AA17: 43138 | AB17: 2017 | AC17: PC Vidal Blanc | AD17: 406 | AE17: **added to BOY inventory
A18: 57630 | B18: 2015 | C18: Chardonnay | D18: 138 | E18: 18 | F18: 19 | G18: 28 | H18: 37 | I18: 31 | J18: 5 | Q18: =SUM(E18:P18) -> 138 | R18: =IFERROR((AVERAGE(E18:P18)),0) -> 23 | S18: =IFERROR((T18/R18),0) -> 0 | T18: =SUM(D18-Q18) -> 0 | U18: 2015 | V18: Chardonnay | AA18: 43138 | AB18: 2017 | AC18: PC Riesling | AD18: 397 | AE18: **added to BOY inventory
A19: 30306 | B19: 2015 | C19: Vin de Sol (88 cs/pallet) | D19: 254 | K19: 10 | L19: 0 | M19: 0 | N19: 0 | O19: 0 | P19: 0 | Q19: =SUM(E19:P19) -> 10 | R19: =IFERROR((AVERAGE(E19:P19)),0) -> 1.6666667 | S19: =IFERROR((T19/R19),0) -> 146.4 | T19: =SUM(D19-Q19) -> 244 | U19: 2015 | V19: Vin de Sol
A20: 22382 | B20: 2015 | C20: Cab Franc | D20: 70 | E20: 70 | Q20: =SUM(E20:P20) -> 70 | R20: =IFERROR((AVERAGE(E20:P20)),0) -> 70 | S20: =IFERROR((T20/R20),0) -> 0 | T20: =SUM(D20-Q20) -> 0 | U20: 2015 | V20: Cab Franc | AA20: 43138 | AB20: 2017 | AC20: TWBR Riesling | AD20: 502 | AE20: invoiced
A21: 84802 | B21: 2015 | C21: Cab Franc Res | D21: 210 | E21: 0 | F21: 0 | G21: 0 | H21: 0 | I21: 6 | J21: 0 | K21: 0 | L21: 2 | M21: 15 | N21: 19 | O21: 12 | P21: 10 | Q21: =SUM(E21:P21) -> 64 | R21: =IFERROR((AVERAGE(E21:P21)),0) -> 5.3333333 | S21: =IFERROR((T21/R21),0) -> 27.375 | T21: =SUM(D21-Q21) -> 146 | U21: 2015 | V21: Cab Franc Res | AA21: 43138 | AB21: 2017 | AC21: TWBR Vidal Blanc | AD21: 316 | AE21: invoiced
A22: 27736 | B22: 2015 | C22: Petit Verdot | D22: 27 | E22: 26 | F22: 1 | Q22: =SUM(E22:P22) -> 27 | R22: =IFERROR((AVERAGE(E22:P22)),0) -> 13.5 | S22: =IFERROR((T22/R22),0) -> 0 | T22: =SUM(D22-Q22) -> 0 | U22: 2015 | V22: Petit Verdot | AA22: 43138 | AB22: 2017 | AC22: Vint Hill Misty | AD22: 43 | AE22: Bottled at PC as Shiners
A23: 22921 | B23: 2015 | C23: Ameritage ***orig bottling was 671 but Dec 2017 111 cases were relabeled as 2016 Am. | D23: 264 | E23: 37 | F23: 25 | G23: 47 | H23: 85 | I23: 44 | J23: 26 | Q23: =SUM(E23:P23) -> 264 | R23: =IFERROR((AVERAGE(E23:P23)),0) -> 44 | S23: =IFERROR((T23/R23),0) -> 0 | T23: =SUM(D23-Q23) -> 0 | U23: 2015 | V23: Ameritage | AA23: 43186 | AB23: 2017 | AC23: Fleetwood Petit Manseng | AD23: 107
A24: 34641 | B24: 2015 | C24: Ameritage Res | D24: 210 | E24: 10 | F24: 16 | G24: 20 | H24: 38 | I24: 28 | J24: 31 | K24: 27 | L24: 40 | Q24: =SUM(E24:P24) -> 210 | R24: =IFERROR((AVERAGE(E24:P24)),0) -> 26.25 | S24: =IFERROR((T24/R24),0) -> 0 | T24: =SUM(D24-Q24) -> 0 | U24: 2015 | V24: Ameritage Res | AA24: 43186 | AB24: 2017 | AC24: PC Petit Manseng | AD24: 450 | AE24: **added to BOY inventory
A25: 18004 | B25: 2015 | C25: Malbec | D25: 195 | E25: 14 | F25: 48 | G25: 20 | H25: 9 | I25: 10 | J25: 64 | K25: 0 | L25: 0 | M25: 0 | N25: 19 | O25: 11 | Q25: =SUM(E25:P25) -> 195 | R25: =IFERROR((AVERAGE(E25:P25)),0) -> 17.727273 | S25: =IFERROR((T25/R25),0) -> 0 | T25: =SUM(D25-Q25) -> 0 | U25: 2015 | V25: Malbec | AA25: 43186 | AB25: 2017 | AC25: TWBR Petit Manseng | AD25: 450 | AE25: invoiced
A26: 86051 | B26: 2015 | C26: Black Ops | D26: 126 | E26: 44 | F26: 56 | G26: 26 | Q26: =SUM(E26:P26) -> 126 | R26: =IFERROR((AVERAGE(E26:P26)),0) -> 42 | S26: =IFERROR((T26/R26),0) -> 0 | T26: =SUM(D26-Q26) -> 0 | U26: 2015 | V26: Black Ops | AA26: 43186 | AB26: 2017 | AC26: TWBR Pinot Gris | AD26: 450 | AE26: invoiced
AA27: 43186 | AB27: 2017 | AC27: TWBR Sweet Victory | AD27: 198 | AE27: invoiced
A28: 111574 | B28: 2016 | C28: Vidal Blanc | D28: 196 | E28: 21 | F28: 14 | G28: 17 | H28: 13 | I28: 28 | J28: 24 | K28: 24 | L28: 17 | M28: 20 | N28: 16 | O28: 2 | Q28: =SUM(E28:P28) -> 196 | R28: =IFERROR((AVERAGE(E28:P28)),0) -> 17.818182 | S28: =IFERROR((T28/R28),0) -> 0 | T28: =SUM(D28-Q28) -> 0 | U28: 2016 | V28: Vidal Blanc | AA28: 43187 | AB28: 2017 | AC28: PC Rose | AD28: 204 | AE28: **added to BOY inventory
A29: 116506 | B29: 2016 | C29: Wine Club Sauv Blanc | D29: 4 | E29: 0 | F29: 0 | G29: 4 | Q29: =SUM(E29:P29) -> 4 | R29: =IFERROR((AVERAGE(E29:P29)),0) -> 1.3333333 | S29: =IFERROR((T29/R29),0) -> 0 | T29: =SUM(D29-Q29) -> 0 | U29: 2016 | V29: Wine Club Sauv Blanc | AA29: 43187 | AB29: 2017 | AC29: Fleetwood Rose | AD29: 114
A30: 11198 | B30: 2016 | C30: Petit Manseng | D30: 173 | E30: 14 | F30: 20 | G30: 21 | H30: 17 | I30: 27 | J30: 39 | K30: 28 | L30: 7 | Q30: =SUM(E30:P30) -> 173 | R30: =IFERROR((AVERAGE(E30:P30)),0) -> 21.625 | S30: =IFERROR((T30/R30),0) -> 0 | T30: =SUM(D30-Q30) -> 0 | U30: 2016 | V30: Petit Manseng | AA30: 43187 | AB30: 2017 | AC30: TWBR Rose | AD30: 616 | AE30: invoiced
A31: 57632 | B31: 2016 | C31: Viognier | D31: 460 | E31: 20 | F31: 23 | G31: 31 | H31: 25 | I31: 50 | J31: 45 | K31: 38 | L31: 42 | M31: 33 | N31: 29 | O31: 28 | P31: 35 | Q31: =SUM(E31:P31) -> 399 | R31: =IFERROR((AVERAGE(E31:P31)),0) -> 33.25 | S31: =IFERROR((T31/R31),0) -> 1.8345865 | T31: =SUM(D31-Q31) -> 61 | U31: 2016 | V31: Viognier | AA31: 43262 | AB31: 2017 | AC31: TWBR Vio | AD31: 600 | AE31: invoiced
A32: 57630 | B32: 2016 | C32: Chardonnay | D32: 719 | E32: 5 | F32: 15 | G32: 20 | H32: 38 | I32: 0 | J32: 29 | K32: 21 | L32: 34 | M32: 28 | N32: 39 | O32: 82 | P32: 42 | Q32: =SUM(E32:P32) -> 353 | R32: =IFERROR((AVERAGE(E32:P32)),0) -> 29.416667 | S32: =IFERROR((T32/R32),0) -> 12.441926 | T32: =SUM(D32-Q32) -> 366 | U32: 2016 | V32: Chardonnay | AA32: 43262 | AB32: 2017 | AC32: TWBR SS Chardonnay | AD32: 700 | AE32: invoiced
A33: 38269 | B33: 2016 | C33: LH Viognier | D33: 24 | E33: 2 | F33: 8 | G33: 0 | H33: 14 | Q33: =SUM(E33:P33) -> 24 | R33: =IFERROR((AVERAGE(E33:P33)),0) -> 6 | S33: =IFERROR((T33/R33),0) -> 0 | T33: =SUM(D33-Q33) -> 0 | U33: 2016 | V33: LH Viognier | AA33: 43262 | AB33: 2017 | AC33: FLEETWOOD Chardonnay | AD33: 112 | AE33: invoiced
A34: 22382 | B34: 2016 | C34: Cab Franc | D34: 694 | E34: 15 | F34: 30 | G34: 18 | H34: 32 | I34: 26 | J34: 38 | K34: 32 | L34: 72 | M34: 53 | N34: 35 | O34: 48 | P34: 43 | Q34: =SUM(E34:P34) -> 442 | R34: =IFERROR((AVERAGE(E34:P34)),0) -> 36.833333 | S34: =IFERROR((T34/R34),0) -> 6.841629 | T34: =SUM(D34-Q34) -> 252 | U34: 2016 | V34: Cab Franc | AA34: 43262 | AB34: 2017 | AC34: PC Farm Use White | AD34: 200 | AE34: ** added to BOY Inventory
A35: 84802 | B35: 2016 | C35: Cab Franc Res | D35: 133 | E35: 20 | F35: 0 | G35: 0 | H35: 0 | I35: 0 | J35: 0 | K35: 0 | L35: 0 | M35: 0 | N35: 1 | O35: 0 | P35: 0 | Q35: =SUM(E35:P35) -> 21 | R35: =IFERROR((AVERAGE(E35:P35)),0) -> 1.75 | S35: =IFERROR((T35/R35),0) -> 64 | T35: =SUM(D35-Q35) -> 112 | U35: 2016 | V35: Cab Franc Res | AA35: 43262 | AB35: 2017 | AC35: PC SS Chard Shiners | AD35: 168
A36: 27736 | B36: 2016 | C36: Petit Verdot | D36: 727 | E36: 14 | F36: 37 | G36: 30 | H36: 30 | I36: 28 | J36: 40 | K36: 40 | L36: 16 | M36: 35 | N36: 30 | O36: 44 | P36: 40 | Q36: =SUM(E36:P36) -> 384 | R36: =IFERROR((AVERAGE(E36:P36)),0) -> 32 | S36: =IFERROR((T36/R36),0) -> 10.71875 | T36: =SUM(D36-Q36) -> 343 | U36: 2016 | V36: Petit Verdot | AA36: 43298 | AB36: 2017 | AC36: TWBR Barrel Chardonnay | AD36: 504
A37: 28361 | B37: 2016 | C37: Cab Sauv | D37: 175 | E37: 4 | F37: 9 | G37: 6 | H37: 0 | I37: 7 | J37: 7 | K37: 2 | L37: 18 | M37: 0 | N37: 0 | O37: 5 | P37: 8 | Q37: =SUM(E37:P37) -> 66 | R37: =IFERROR((AVERAGE(E37:P37)),0) -> 5.5 | S37: =IFERROR((T37/R37),0) -> 19.818182 | T37: =SUM(D37-Q37) -> 109 | U37: 2016 | V37: Cab Sauv | AA37: 43298 | AB37: 2017 | AC37: PC Chardonnay | AD37: 928 | AE37: ** added to BOY Inventory
A38: 22921 | B38: 2016 | C38: Ameritage ***Orig bottling was 904 cases but 111 cases of 2015 AM were relabeled as 2016 | D38: 1015 | E38: 16 | F38: 43 | G38: 0 | H38: 4 | I38: 12 | J38: 13 | K38: 53 | L38: 35 | M38: 47 | N38: 48 | O38: 50 | P38: 47 | Q38: =SUM(E38:P38) -> 368 | R38: =IFERROR((AVERAGE(E38:P38)),0) -> 30.666667 | S38: =IFERROR((T38/R38),0) -> 21.097826 | T38: =SUM(D38-Q38) -> 647 | U38: 2016 | V38: Ameritage | AA38: 43299 | AB38: 2017 | AC38: PC Viognier | AD38: 471 | AE38: ** added to BOY Inventory
A39: 34641 | B39: 2016 | C39: Ameritage Res | D39: 612 | E39: 15 | F39: 4 | G39: 0 | H39: 0 | I39: 9 | J39: 0 | K39: 0 | L39: 0 | M39: 12 | N39: 0 | O39: 38 | P39: 24 | Q39: =SUM(E39:P39) -> 102 | R39: =IFERROR((AVERAGE(E39:P39)),0) -> 8.5 | S39: =IFERROR((T39/R39),0) -> 60 | T39: =SUM(D39-Q39) -> 510 | U39: 2016 | V39: Ameritage Res | AA39: 43299 | AB39: 2017 | AC39: Effingham Chardonnay | AD39: 329
B40: 2016 | C40: Petit Verdot Reserve | D40: 454 | E40: 20 | F40: 24 | G40: 15 | H40: 3 | I40: 0 | J40: 0 | K40: 0 | L40: 16 | M40: 4 | N40: 0 | O40: 13 | P40: 0 | Q40: =SUM(E40:P40) -> 95 | R40: =IFERROR((AVERAGE(E40:P40)),0) -> 7.9166667 | S40: =IFERROR((T40/R40),0) -> 45.347368 | T40: =SUM(D40-Q40) -> 359 | U40: 2016 | V40: Petit Verdot Rsv | AA40: 43299 | AB40: 2015 | AC40: Vin De Sol | AD40: 254 | AE40: ** added to BOY Inventory
A41: 86051 | B41: 4th Mission | C41: Black Ops | D41: 384 | E41: 29 | F41: 8 | G41: 1 | H41: 4 | I41: 16 | J41: 35 | K41: 21 | L41: 0 | M41: 22 | N41: 42 | O41: 123 | P41: 30 | Q41: =SUM(E41:P41) -> 331 | R41: =IFERROR((AVERAGE(E41:P41)),0) -> 27.583333 | S41: =IFERROR((T41/R41),0) -> 1.9214502 | T41: =SUM(D41-Q41) -> 53 | U41: 4th Mission | V41: Black Ops | AA41: 43325 | AB41: 2017 | AC41: PC Cab Franc | AD41: 620
AA42: 43325 | AB42: 2017 | AC42: PC Petit Verdot | AD42: 480
A43: 111574 | B43: 2017 | C43: Vidal Blanc | D43: 406 | F43: 3 | G43: 14 | H43: 0 | I43: 1 | J43: 1 | K43: 5 | L43: 42 | M43: 11 | N43: 6 | O43: 15 | P43: 12 | Q43: =SUM(E43:P43) -> 110 | R43: =IFERROR((AVERAGE(E43:P43)),0) -> 10 | S43: =IFERROR((T43/R43),0) -> 29.6 | T43: =SUM(D43-Q43) -> 296 | U43: 2017 | V43: Vidal Blanc | AA43: 43325 | AB43: 2017 | AC43: TWBR PV | AD43: 602
A44: 22385 | B44: 2017 | C44: Riesling | D44: 397 | F44: 5 | G44: 11 | H44: 26 | I44: 63 | J44: 45 | K44: 28 | L44: 23 | M44: 25 | N44: 22 | O44: 17 | P44: 16 | Q44: =SUM(E44:P44) -> 281 | R44: =IFERROR((AVERAGE(E44:P44)),0) -> 25.545455 | S44: =IFERROR((T44/R44),0) -> 4.5409253 | T44: =SUM(D44-Q44) -> 116 | U44: 2017 | V44: Riesling | AA44: 43325 | AB44: 2017 | AC44: TWBR Meritage | AD44: 650
A45: 111575 | B45: 2017 | C45: Wine Club Rose | D45: 204 | G45: 6 | H45: 12 | I45: 59 | J45: 36 | K45: 26 | L45: 12 | M45: 15 | N45: 6 | O45: 3 | P45: 9 | Q45: =SUM(E45:P45) -> 184 | R45: =IFERROR((AVERAGE(E45:P45)),0) -> 18.4 | S45: =IFERROR((T45/R45),0) -> 1.0869565 | T45: =SUM(D45-Q45) -> 20 | U45: 2017 | V45: Wine Club Rose | AA45: 43326 | AB45: 2017 | AC45: FW Meritage | AD45: 112 | AE45: Bottled at Effingham but was PC wine
A46: 11198 | B46: 2017 | C46: Petit Manseng | D46: 450 | G46: 5 | H46: 2 | I46: 3 | J46: 0 | K46: 7 | L46: 57 | M46: 31 | N46: 21 | O46: 27 | P46: 18 | Q46: =SUM(E46:P46) -> 171 | R46: =IFERROR((AVERAGE(E46:P46)),0) -> 17.1 | S46: =IFERROR((T46/R46),0) -> 16.315789 | T46: =SUM(D46-Q46) -> 279 | U46: 2017 | V46: Petit Manseng | AA46: 43341 | AB46: 2017 | AC46: Farm Use Red | AD46: 74 | AE46: added to BOY Inventory
A47: 28384 | B47: 2017 | C47: Farm Use White | D47: 200 | K47: 35 | L47: 16 | M47: 10 | N47: 26 | O47: 0 | P47: 0 | Q47: =SUM(E47:P47) -> 87 | R47: =IFERROR((AVERAGE(E47:P47)),0) -> 14.5 | S47: =IFERROR((T47/R47),0) -> 7.7931034 | T47: =SUM(D47-Q47) -> 113 | U47: 2017 | V47: Farm Use white | AA47: 43326 | AB47: n/v | AC47: Va's Heritage | AD47: 854 | AE47: added to BOY Inventory
A48: 57632 | B48: 2017 | C48: Viognier | D48: 471 | K48: 0 | L48: 8 | M48: 3 | N48: 0 | O48: 6 | P48: 6 | Q48: =SUM(E48:P48) -> 23 | R48: =IFERROR((AVERAGE(E48:P48)),0) -> 3.8333333 | S48: =IFERROR((T48/R48),0) -> 116.86957 | T48: =SUM(D48-Q48) -> 448 | U48: 2017 | V48: Viognier | AA48: 43439 | AB48: 2017 | AC48: PC Cab Franc Reserve | AD48: 174 | AE48: added to BOY Inventory
A49: 57630 | B49: 2017 | C49: Chardonnay | D49: 928 | K49: 0 | L49: 11 | M49: 3 | N49: 0 | O49: 0 | P49: 49 | Q49: =SUM(E49:P49) -> 63 | R49: =IFERROR((AVERAGE(E49:P49)),0) -> 10.5 | S49: =IFERROR((T49/R49),0) -> 82.380952 | T49: =SUM(D49-Q49) -> 865 | U49: 2017 | V49: Chardonnay | AA49: 43439 | AB49: 2017 | AC49: TWBR Reconciliation | AD49: 247 | AE49: invoiced
A50: 22382 | B50: 2017 | C50: Cab Franc | D50: 620 | L50: 0 | M50: 0 | N50: 0 | O50: 0 | P50: 0 | Q50: =SUM(E50:P50) -> 0 | R50: =IFERROR((AVERAGE(E50:P50)),0) -> 0 | S50: =IFERROR((T50/R50),0) -> 0 | T50: =SUM(D50-Q50) -> 620 | U50: 2017 | V50: Cab Franc | AA50: 43439 | AB50: 2017 | AC50: PC Ameritage | AD50: 818 | AE50: added to BOY Inventory
A51: 84802 | B51: 2017 | C51: Cab Franc Res | D51: 174 | N51: 0 | O51: 0 | P51: 25 | Q51: =SUM(E51:P51) -> 25 | R51: =IFERROR((AVERAGE(E51:P51)),0) -> 8.3333333 | S51: =IFERROR((T51/R51),0) -> 17.88 | T51: =SUM(D51-Q51) -> 149 | U51: 2017 | V51: Cab Franc Res | AA51: 43439 | AB51: 2017 | AC51: Black Ops 5th Mission | AD51: 690 | AE51: added to BOY Inventory
A52: 27736 | B52: 2017 | C52: Petit Verdot | D52: 480 | L52: 7 | M52: 0 | N52: 5 | O52: 49 | P52: 13 | Q52: =SUM(E52:P52) -> 74 | R52: =IFERROR((AVERAGE(E52:P52)),0) -> 14.8 | S52: =IFERROR((T52/R52),0) -> 27.432432 | T52: =SUM(D52-Q52) -> 406 | U52: 2017 | V52: Petit Verdot | AA52: 43439 | AB52: 2017 | AC52: Cab Sauv | AD52: 305 | AE52: added to BOY Inventory
A53: 28361 | B53: 2017 | C53: Cab Sauv | D53: 305 | N53: 0 | O53: 0 | P53: 25 | Q53: =SUM(E53:P53) -> 25 | R53: =IFERROR((AVERAGE(E53:P53)),0) -> 8.3333333 | S53: =IFERROR((T53/R53),0) -> 33.6 | T53: =SUM(D53-Q53) -> 280 | U53: 2017 | V53: Cab Sauv | AA53: 43439 | AB53: 2017 | AC53: Petit Verdot Reserve | AD53: 205 | AE53: added to BOY Inventory
A54: 22921 | B54: 2017 | C54: Ameritage | D54: 818 | N54: 0 | O54: 0 | P54: 34 | Q54: =SUM(E54:P54) -> 34 | R54: =IFERROR((AVERAGE(E54:P54)),0) -> 11.333333 | S54: =IFERROR((T54/R54),0) -> 69.176471 | T54: =SUM(D54-Q54) -> 784 | U54: 2017 | V54: Ameritage
B55: 2017 | C55: Petit Verdot Reserve | D55: 205 | N55: 0 | O55: 0 | P55: 37 | Q55: =SUM(E55:P55) -> 37 | R55: =IFERROR((AVERAGE(E55:P55)),0) -> 12.333333 | S55: =IFERROR((T55/R55),0) -> 13.621622 | T55: =SUM(D55-Q55) -> 168 | U55: 2017 | V55: Petit Verdot Reserve | AA55: 43143 | AC55: 43 cases of Misty to VHCW | AE55: invoiced at $96/case
A56: 86051 | B56: 5th Mission | C56: Black Ops | D56: 690 | N56: 0 | O56: 0 | P56: 18 | Q56: =SUM(E56:P56) -> 18 | R56: =IFERROR((AVERAGE(E56:P56)),0) -> 6 | S56: =IFERROR((T56/R56),0) -> 112 | T56: =SUM(D56-Q56) -> 672 | U56: 2017 | V56: Black Ops | AA56: 43150 | AC56: 300 gallons Cab Sauv to VHCW | AE56: $20/gallon
A57: 28381 | B57: 2017 | C57: Farm Use Red | D57: 74 | L57: 0 | M57: 0 | N57: 0 | O57: 31 | P57: 12 | Q57: =SUM(E57:P57) -> 43 | R57: =IFERROR((AVERAGE(E57:P57)),0) -> 8.6 | S57: =IFERROR((T57/R57),0) -> 3.6046512 | T57: =SUM(D57-Q57) -> 31 | V57: Farm Use Red | AA57: 43150 | AC57: 605 gallons Cab Franc to VHCW | AE57: $20/gallon
A58: 116508 | B58: n/v | C58: Va's Heritage | D58: 854 | L58: 80 | M58: 86 | N58: 71 | O58: 180 | P58: 0 | Q58: =SUM(E58:P58) -> 417 | R58: =IFERROR((AVERAGE(E58:P58)),0) -> 83.4 | S58: =IFERROR((T58/R58),0) -> 5.2398082 | T58: =SUM(D58-Q58) -> 437 | V58: Va's Heritage
AA59: 43167 | AC59: 330 gallons Petit Verdot to Eff | AE59: $20/gallon
B60: 2013 | D60: =SUM(D10:D10) -> 28 | E60: =SUM(E10:E10) -> 28 | F60: =SUM(F10:F10) -> 0 | G60: =SUM(G10:G10) -> 0 | H60: =SUM(H10:H10) -> 0 | I60: =SUM(I10:I10) -> 0 | J60: =SUM(J10:J10) -> 0 | K60: =SUM(K10:K10) -> 0 | ... Q60: =SUM(Q10:Q10) -> 28 | R60: =AVERAGE(E60:P60) -> 2.3333333 | S60: =T60/R60 -> 0 | T60: =SUM(D60-Q60) -> 0 | U60: 2013 | AA60: 43167 | AC60: 330 gallons Cab Sauv to Eff | AE60: $20/gallon
B61: 2014 | D61: =SUM(D12:D14) -> 207 | E61: =SUM(E12:E14) -> 36 | F61: =SUM(F12:F14) -> 31 | G61: =SUM(G12:G14) -> 18 | H61: =SUM(H12:H14) -> 17 | I61: =SUM(I12:I14) -> 74 | J61: =SUM(J12:J14) -> 10 | K61: =SUM(K12:K14) -> 8 | ... Q61: =SUM(Q12:Q14) -> 199 | R61: =AVERAGE(E61:P61) -> 16.583333 | S61: =T61/R61 -> 0.48241206 | T61: =SUM(D61-Q61) -> 8 | U61: 2014 | AA61: 43173 | AC61: 330 gallons Cab Sauv to Eff | AE61: $20/gallon
B62: 2015 | D62: =SUM(D17:D26) -> 1500 | E62: =SUM(E17:E26) -> 225 | F62: =SUM(F17:F26) -> 165 | G62: =SUM(G17:G26) -> 141 | H62: =SUM(H17:H26) -> 169 | I62: =SUM(I17:I26) -> 119 | J62: =SUM(J17:J26) -> 126 | K62: =SUM(K17:K26) -> 37 | ... Q62: =SUM(Q17:Q26) -> 1110 | R62: =AVERAGE(E62:P62) -> 92.5 | S62: =T62/R62 -> 4.2162162 | T62: =SUM(D62-Q62) -> 390 | U62: 2015
B63: 2016 | D63: =SUM(D28:D41) -> 5770 | E63: =SUM(E28:E41) -> 195 | F63: =SUM(F28:F41) -> 235 | G63: =SUM(G28:G41) -> 163 | H63: =SUM(H28:H41) -> 180 | I63: =SUM(I28:I41) -> 203 | J63: =SUM(J28:J41) -> 270 | K63: =SUM(K28:K41) -> 259 | ... Q63: =SUM(Q28:Q41) -> 2958 | R63: =AVERAGE(E63:P63) -> 246.5 | T63: =SUM(D63-Q63) -> 2812 | U63: 2016
B64: 2017 | D64: =SUM(D43:D57) -> 6422 | E64: =SUM(E43:E57) -> 0 | F64: =SUM(F43:F57) -> 8 | G64: =SUM(G43:G57) -> 36 | H64: =SUM(H43:H57) -> 40 | I64: =SUM(I43:I57) -> 126 | J64: =SUM(J43:J57) -> 82 | K64: =SUM(K43:K57) -> 101 | ... Q64: =SUM(Q43:Q57) -> 1175 | R64: =AVERAGE(E64:P64) -> 97.916667 | T64: =SUM(D64-Q64) -> 5247 | U64: 2017
B65: TOTAL | D65: =SUM(D44:D59) -> 6870 | E65: =SUM(E28:E62) -> 484 | F65: =SUM(F28:F62) -> 439 | G65: =SUM(G28:G62) -> 358 | H65: =SUM(H28:H62) -> 406 | I65: =SUM(I28:I62) -> 522 | J65: =SUM(J28:J62) -> 488 | K65: =SUM(K28:K62) -> 405 | L65: =SUM(L28:L62) -> 557 | ... Q65: =SUM(Q28:Q62) -> 5887 | R65: =AVERAGE(E65:P65) -> 490.58333 | S65: =T65/R65 -> 17.238661 | T65: =SUM(T60+T61+T62+T63+T64) -> 8457 | U65: TOTAL
B69: IN-BOND TRANSFERS | D69: Starting Cases | E69: In(+) or Out(-) Cases | Q69: Remaining Cases | U69: IN-BOND TRANSFERS
B77: IN-BOND TRANSFERS | D77: Starting Gallons | E77: In(+) or Out(-) Bulk Gallons | Q77: Remaining Gallons

Sheet 2019
C2: 43830
AC3: 2019 BOTTLINGS
AA4: Date | AB4: Vintage | AC4: Description | AD4: Qty | AE4: Cases
AA5: 43551 | AB5: 2018 | AC5: PC Petit Manseng | AD5: 389 | AE5: Cases
L6: I, Chris Pearmund, hereby attest that a physical inventory of all bulk and bottled wine was performed, and the pages attached reflect the results of that inventory. This inventory is true to the best of my knowledge and ability. | AA6: 43551 | AB6: 2018 | AC6: VH Petit Manseng | AD6: 75 | AE6: Cases
B7: CASES MOVED PER MONTH | U7: CASES MOVED PER MONTH | AA7: 43551 | AB7: 2018 | AC7: VH Traminette | AD7: 75 | AE7: Cases
A8: ABC # | B8: Year | C8: Wine | D8: 2019 BOY Inventory | E8: Jan | F8: Feb | G8: Mar | H8: Apr | I8: May | J8: Jun | K8: Jul | L8: Aug | M8: Sep | N8: Oct | O8: Nov | P8: Dec | Q8: Totals | R8: 2019 Monthly Avg. | S8: Months Left | T8: Remaining Inventory | U8: Year | V8: Wine | AA8: 43551 | AB8: 2018 | AC8: VH Misty | AD8: 75 | AE8: Cases
E9: 1 | AA9: 43551 | AB9: 2018 | AC9: EFF Traminette | AD9: 282 | AE9: Cases
A10: 22384 | B10: 2014 | C10: Merlot | D10: 8 | E10: 8 | Q10: =SUM(E10:P10) -> 8 | R10: =IFERROR((AVERAGE(E10:P10)),0) -> 8 | S10: =IFERROR((T10/R10),0) -> 0 | T10: =SUM(D10-Q10) -> 0 | U10: 2014 | V10: Merlot | AA10: 43551 | AB10: 2018 | AC10: EFF Celebration | AD10: 446 | AE10: Cases
A11: 115264 | B11: 2014 | C11: LH Tannat | D11: 123 | E11: 10 | F11: 11 | G11: 10 | H11: 9 | I11: =83-69 -> 14 | J11: 5 | K11: 9 | L11: 4 | M11: =51-43 -> 8 | N11: 12 | O11: 13 | P11: =6-3 -> 3 | Q11: =SUM(E11:P11) -> 108 | R11: =IFERROR((AVERAGE(E11:P11)),0) -> 9 | S11: =IFERROR((T11/R11),0) -> 1.6666667 | T11: =SUM(D11-Q11) -> 15 | U11: =+B11 -> 2014 | V11: LH Tannat | AA11: 43142 | AB11: 2018 | AC11: VH Pinot Gris | AD11: 50 | AE11: Cases
AA12: 43142 | AB12: 2018 | AC12: PC Piot Gris | AD12: 273 | AE12: Cases
A13: 30306 | B13: 2015 | C13: Vin de Sol (88 cs/pallet) | D13: 244 | E13: 0 | F13: 2 | G13: 1 | H13: 2 | I13: 0 | J13: 1 | K13: 1 | L13: 6 | M13: 2 | N13: 0 | O13: 2 | P13: =227-216 -> 11 | Q13: =SUM(E13:P13) -> 28 | R13: =IFERROR((AVERAGE(E13:P13)),0) -> 2.3333333 | S13: =IFERROR((T13/R13),0) -> 92.571429 | T13: =SUM(D13-Q13) -> 216 | U13: 2015 | V13: Vin de Sol | AA13: 43142 | AB13: 2018 | AC13: PC Rose | AD13: 520 | AE13: Cases
A14: 84802 | B14: 2015 | C14: Cab Franc Res | D14: 146 | E14: 12 | F14: 10 | G14: 7 | H14: 5 | I14: =112-104 -> 8 | J14: 5 | K14: 10 | L14: 12 | M14: 11 | N14: 16 | O14: 13 | P14: =7-4 -> 3 | Q14: =SUM(E14:P14) -> 112 | R14: =IFERROR((AVERAGE(E14:P14)),0) -> 9.3333333 | S14: =IFERROR((T14/R14),0) -> 3.6428571 | T14: =SUM(D14-Q14) -> 34 | U14: 2015 | V14: Cab Franc Res | AA14: 43142 | AB14: 2018 | AC14: VH Rose | AD14: 74 | AE14: Cases
AA15: 43142 | AB15: 2018 | AC15: EFF Rose | AD15: 618 | AE15: Cases
A16: 57632 | B16: 2016 | C16: Viognier | D16: 61 | E16: 21 | F16: 34 | G16: 6 | Q16: =SUM(E16:P16) -> 61 | R16: =IFERROR((AVERAGE(E16:P16)),0) -> 20.333333 | S16: =IFERROR((T16/R16),0) -> 0 | T16: =SUM(D16-Q16) -> 0 | U16: 2016 | V16: Viognier | AE16: Cases
A17: 57630 | B17: 2016 | C17: Chardonnay | D17: 366 | E17: 17 | F17: 25 | G17: 24 | H17: 20 | I17: 50 | J17: 25 | K17: 34 | L17: 34 | M17: =137-102 -> 35 | N17: 36 | O17: 41 | P17: 10 | Q17: =SUM(E17:P17) -> 351 | R17: =IFERROR((AVERAGE(E17:P17)),0) -> 29.25 | S17: =IFERROR((T17/R17),0) -> 0.51282051 | T17: =SUM(D17-Q17) -> 15 | U17: 2016 | V17: Chardonnay | AA17: 43626 | AB17: 2018 | AC17: PC Viognier | AD17: 540 | AE17: Cases
A18: 133688 | B18: 2016 | C18: Cab Franc | D18: 252 | E18: 31 | F18: 40 | G18: 18 | H18: 25 | I18: =138-98 -> 40 | J18: 32 | K18: 37 | L18: 0 | M18: 29 | Q18: =SUM(E18:P18) -> 252 | R18: =IFERROR((AVERAGE(E18:P18)),0) -> 28 | S18: =IFERROR((T18/R18),0) -> 0 | T18: =SUM(D18-Q18) -> 0 | U18: 2016 | V18: Cab Franc | AA18: 43626 | AB18: 2018 | AC18: VH Viognier | AD18: 50 | AE18: Cases
A19: 133687 | B19: 2016 | C19: Cab Franc Res | D19: 112 | E19: 0 | F19: 0 | G19: 0 | H19: 0 | I19: 0 | J19: 0 | K19: 0 | L19: 0 | M19: 0 | N19: 0 | O19: 0 | P19: 0 | Q19: =SUM(E19:P19) -> 0 | R19: =IFERROR((AVERAGE(E19:P19)),0) -> 0 | S19: =IFERROR((T19/R19),0) -> 0 | T19: =SUM(D19-Q19) -> 112 | U19: 2016 | V19: Cab Franc Res | AA19: 43626 | AB19: 2018 | AC19: EFF Viognier | AD19: 352 | AE19: Cases
A20: 27736 | B20: 2016 | C20: Petit Verdot | D20: 343 | E20: 17 | F20: 30 | G20: 29 | H20: 22 | I20: =245-213 -> 32 | J20: 29 | K20: 32 | L20: 23 | M20: =129-94 -> 35 | N20: 41 | O20: =53-13 -> 40 | P20: 13 | Q20: =SUM(E20:P20) -> 343 | R20: =IFERROR((AVERAGE(E20:P20)),0) -> 28.583333 | S20: =IFERROR((T20/R20),0) -> 0 | T20: =SUM(D20-Q20) -> 0 | U20: 2016 | V20: Petit Verdot | AA20: 43626 | AB20: 2018 | AC20: Fleetwood Viognier | AD20: 112 | AE20: Cases
A21: 28361 | B21: 2016 | C21: Cab Sauv | D21: 109 | E21: 3 | F21: 12 | G21: 11 | H21: 3 | I21: 6 | J21: 9 | K21: 4 | L21: 15 | M21: =46-37 -> 9 | N21: 19 | O21: 11 | P21: 1 | Q21: =SUM(E21:P21) -> 103 | R21: =IFERROR((AVERAGE(E21:P21)),0) -> 8.5833333 | S21: =IFERROR((T21/R21),0) -> 0.69902913 | T21: =SUM(D21-Q21) -> 6 | U21: 2016 | V21: Cab Sauv | AA21: 43657 | AB21: 2018 | AC21: Chardonnay | AD21: 383 | AE21: Cases
A22: 22921 | B22: 2016 | C22: Ameritage ***Orig bottling was 904 cases but 111 cases of 2015 AM were relabeled as 2016 | D22: 647 | E22: 38 | F22: 42 | G22: 32 | H22: 33 | I22: =502-392 -> 110 | J22: 0 | K22: 25 | L22: 38 | M22: =329-272 -> 57 | N22: 50 | O22: =222-169 -> 53 | P22: =29-4 -> 25 | Q22: =SUM(E22:P22) -> 503 | R22: =IFERROR((AVERAGE(E22:P22)),0) -> 41.916667 | S22: =IFERROR((T22/R22),0) -> 3.4353877 | T22: =SUM(D22-Q22) -> 144 | U22: 2016 | V22: Ameritage | AA22: 43684 | AB22: 2018 | AC22: PC Cab Fanc | AD22: 666 | AE22: Cases
A23: 133685 | B23: 2016 | C23: Ameritage Res | D23: 510 | E23: 20 | F23: 28 | G23: 23 | H23: 30 | I23: =409-389 -> 20 | J23: 18 | K23: 20 | L23: 15 | M23: =336-303 -> 33 | N23: 30 | O23: =273-244 -> 29 | P23: =244-227-5 -> 12 | Q23: =SUM(E23:P23) -> 278 | R23: =IFERROR((AVERAGE(E23:P23)),0) -> 23.166667 | S23: =IFERROR((T23/R23),0) -> 10.014388 | T23: =SUM(D23-Q23) -> 232 | U23: 2016 | V23: Ameritage Res | AA23: 43684 | AB23: 2018 | AC23: Merlot | AD23: 415 | AE23: Cases
A24: 135370 | B24: 2016 | C24: Petit Verdot Reserve | D24: 359 | E24: 16 | F24: 57 | G24: 13 | H24: 6 | I24: =267-259 -> 8 | J24: 6 | K24: 4 | L24: 14 | M24: =235-228 -> 7 | N24: 8 | O24: 15 | P24: =205-198-4 -> 3 | Q24: =SUM(E24:P24) -> 157 | R24: =IFERROR((AVERAGE(E24:P24)),0) -> 13.083333 | S24: =IFERROR((T24/R24),0) -> 15.43949 | T24: =SUM(D24-Q24) -> 202 | U24: 2016 | V24: Petit Verdot Rsv | AA24: 43803 | AB24: 6th Mission | AC24: Black Ops | AD24: 1173 | AE24: Cases
A25: 86051 | B25: 4th Mission | C25: Black Ops | D25: 53 | E25: 41 | F25: 12 | Q25: =SUM(E25:P25) -> 53 | R25: =IFERROR((AVERAGE(E25:P25)),0) -> 26.5 | S25: =IFERROR((T25/R25),0) -> 0 | T25: =SUM(D25-Q25) -> 0 | U25: 4th Mission | V25: Black Ops | AA25: 43803 | AB25: 2018 | AC25: Petit Verdot | AD25: 513 | AE25: Cases
AA26: 43803 | AB26: 2018 | AC26: Ameritage | AD26: 1001 | AE26: Cases
A27: 111574 | B27: 2017 | C27: Vidal Blanc | D27: 296 | E27: 9 | F27: 12 | G27: 10 | H27: 30 | I27: =235-188 -> 47 | J27: 31 | K27: 51 | L27: 78 | M27: =28-6 -> 22 | N27: 6 | Q27: =SUM(E27:P27) -> 296 | R27: =IFERROR((AVERAGE(E27:P27)),0) -> 29.6 | S27: =IFERROR((T27/R27),0) -> 0 | T27: =SUM(D27-Q27) -> 0 | U27: 2017 | V27: Vidal Blanc | AA27: 43803 | AB27: 2018 | AC27: Cab Sauv Reserve | AD27: 384 | AE27: Cases
A28: 133686 | B28: 2017 | C28: Riesling | D28: 116 | E28: 17 | F28: 9 | G28: 19 | H28: 16 | I28: =55-30 -> 25 | J28: 20 | K28: 10 | Q28: =SUM(E28:P28) -> 116 | R28: =IFERROR((AVERAGE(E28:P28)),0) -> 16.571429 | S28: =IFERROR((T28/R28),0) -> 0 | T28: =SUM(D28-Q28) -> 0 | U28: 2017 | V28: Riesling
A29: 111575 | B29: 2017 | C29: Wine Club Rose | D29: 20 | E29: 4 | F29: 12 | G29: 4 | Q29: =SUM(E29:P29) -> 20 | R29: =IFERROR((AVERAGE(E29:P29)),0) -> 6.6666667 | S29: =IFERROR((T29/R29),0) -> 0 | T29: =SUM(D29-Q29) -> 0 | U29: 2017 | V29: Wine Club Rose | AA29: TRANSFERS
A30: 11198 | B30: 2017 | C30: Petit Manseng | D30: 279 | E30: 16 | F30: 17 | G30: 22 | H30: 10 | I30: =214-181 -> 33 | J30: 27 | K30: 20 | L30: 16 | M30: 19 | N30: 19 | O30: 22 | P30: =10-5 -> 5 | Q30: =SUM(E30:P30) -> 226 | R30: =IFERROR((AVERAGE(E30:P30)),0) -> 18.833333 | S30: =IFERROR((T30/R30),0) -> 2.8141593 | T30: =SUM(D30-Q30) -> 53 | U30: 2017 | V30: Petit Manseng
A31: 28384 | B31: 2017 | C31: Farm Use White | D31: 113 | E31: 0 | F31: 55 | G31: 0 | H31: 0 | I31: 0 | J31: 0 | K31: 0 | L31: 0 | M31: 1 | N31: 3 | O31: 7 | P31: =2-1 -> 1 | Q31: =SUM(E31:P31) -> 67 | R31: =IFERROR((AVERAGE(E31:P31)),0) -> 5.5833333 | S31: =IFERROR((T31/R31),0) -> 8.238806 | T31: =SUM(D31-Q31) -> 46 | U31: 2017 | V31: Farm Use white
A32: 57632 | B32: 2017 | C32: Viognier | D32: 448 | E32: 0 | F32: 42 | G32: 24 | H32: 28 | I32: =354-312 -> 42 | J32: 20 | K32: 30 | L32: 52 | M32: =210-178 -> 32 | N32: 23 | O32: =155-121 -> 34 | P32: =121-108-5 -> 8 | Q32: =SUM(E32:P32) -> 335 | R32: =IFERROR((AVERAGE(E32:P32)),0) -> 27.916667 | S32: =IFERROR((T32/R32),0) -> 4.0477612 | T32: =SUM(D32-Q32) -> 113 | U32: 2017 | V32: Viognier | AA32: 43551 | AB32: 2018 | AC32: VH Petit Manseng | AD32: 75 | AE32: Cases
A33: 57630 | B33: 2017 | C33: Chardonnay | D33: 865 | E33: 0 | F33: 0 | G33: 0 | H33: 0 | I33: 0 | J33: 0 | K33: 0 | L33: 0 | M33: 0 | N33: 0 | O33: 0 | P33: =865-848-6 -> 11 | Q33: =SUM(E33:P33) -> 11 | R33: =IFERROR((AVERAGE(E33:P33)),0) -> 0.91666667 | S33: =IFERROR((T33/R33),0) -> 931.63636 | T33: =SUM(D33-Q33) -> 854 | U33: 2017 | V33: Chardonnay | AA33: 43551 | AB33: 2018 | AC33: VH Traminette | AD33: 75 | AE33: Cases
A34: 133688 | B34: 2017 | C34: Cab Franc | D34: 620 | E34: 0 | F34: 0 | G34: 0 | H34: 3 | I34: =617-572 -> 45 | J34: 13 | K34: 4 | L34: 49 | M34: =506-458 -> 48 | N34: 44 | O34: =414-369 -> 45 | P34: =369-344-4 -> 21 | Q34: =SUM(E34:P34) -> 272 | R34: =IFERROR((AVERAGE(E34:P34)),0) -> 22.666667 | S34: =IFERROR((T34/R34),0) -> 15.352941 | T34: =SUM(D34-Q34) -> 348 | U34: 2017 | V34: Cab Franc | AA34: 43551 | AB34: 2018 | AC34: VH Misty | AD34: 75 | AE34: Cases
A35: 133687 | B35: 2017 | C35: Cab Franc Res | D35: 149 | E35: 8 | F35: 0 | G35: 5 | H35: 0 | I35: 0 | J35: 1 | K35: 1 | L35: 0 | M35: 0 | N35: 0 | O35: 0 | P35: 0 | Q35: =SUM(E35:P35) -> 15 | R35: =IFERROR((AVERAGE(E35:P35)),0) -> 1.25 | S35: =IFERROR((T35/R35),0) -> 107.2 | T35: =SUM(D35-Q35) -> 134 | U35: 2017 | V35: Cab Franc Res | AA35: 43551 | AB35: 2018 | AC35: EFF Traminette | AD35: 282 | AE35: Cases
A36: 27736 | B36: 2017 | C36: Petit Verdot | D36: 406 | E36: 6 | F36: 0 | G36: 0 | H36: 5 | I36: 0 | J36: 1 | K36: 1 | L36: 0 | M36: 3 | N36: 0 | O36: 0 | P36: =10-4 -> 6 | Q36: =SUM(E36:P36) -> 22 | R36: =IFERROR((AVERAGE(E36:P36)),0) -> 1.8333333 | S36: =IFERROR((T36/R36),0) -> 209.45455 | T36: =SUM(D36-Q36) -> 384 | U36: 2017 | V36: Petit Verdot | AA36: 43551 | AB36: 2018 | AC36: EFF Celebration | AD36: 446 | AE36: Cases
A37: 135371 | B37: 2017 | C37: Cab Sauv Reserve | D37: 280 | E37: 14 | F37: 20 | G37: 0 | H37: 0 | I37: 0 | J37: 0 | K37: 0 | L37: 0 | M37: 0 | N37: 0 | O37: 4 | P37: =242-235-1 -> 6 | Q37: =SUM(E37:P37) -> 44 | R37: =IFERROR((AVERAGE(E37:P37)),0) -> 3.6666667 | S37: =IFERROR((T37/R37),0) -> 64.363636 | T37: =SUM(D37-Q37) -> 236 | U37: 2017 | V37: Cab Sauv Reserve | AA37: 43142 | AB37: 2018 | AC37: VH Pinot Gris | AD37: 50 | AE37: Cases
A38: 22921 | B38: 2017 | C38: Ameritage | D38: 784 | E38: 0 | F38: 26 | G38: 7 | H38: 3 | I38: 2 | J38: 1 | K38: 1 | L38: 6 | M38: 0 | N38: 0 | O38: 0 | P38: 0 | Q38: =SUM(E38:P38) -> 46 | R38: =IFERROR((AVERAGE(E38:P38)),0) -> 3.8333333 | S38: =IFERROR((T38/R38),0) -> 192.52174 | T38: =SUM(D38-Q38) -> 738 | U38: 2017 | V38: Ameritage | AA38: 43142 | AB38: 2018 | AC38: VH Rose | AD38: 74 | AE38: Cases
A39: 135370 | B39: 2017 | C39: Petit Verdot Reserve | D39: 168 | E39: 0 | F39: 8 | G39: 0 | H39: 0 | I39: 0 | J39: 0 | K39: 0 | L39: 0 | M39: 0 | N39: 0 | O39: 0 | P39: 0 | Q39: =SUM(E39:P39) -> 8 | R39: =IFERROR((AVERAGE(E39:P39)),0) -> 0.66666667 | S39: =IFERROR((T39/R39),0) -> 240 | T39: =SUM(D39-Q39) -> 160 | U39: 2017 | V39: Petit Verdot Reserve | AA39: 43142 | AB39: 2018 | AC39: EFF Rose | AD39: 618 | AE39: Cases
A40: 137519 | B40: 5th Mission | C40: Black Ops | D40: 672 | E40: 0 | F40: 20 | G40: 14 | H40: 19 | I40: =619-508 -> 111 | J40: 0 | K40: 63 | L40: 25 | M40: =420-358 -> 62 | N40: 45 | O40: =313-202 -> 111 | P40: =202-171-4 -> 27 | Q40: =SUM(E40:P40) -> 497 | R40: =IFERROR((AVERAGE(E40:P40)),0) -> 41.416667 | S40: =IFERROR((T40/R40),0) -> 4.2253521 | T40: =SUM(D40-Q40) -> 175 | U40: 2017 | V40: Black Ops | AA40: 43552 | AC40: Petit Verdot FROM Pearmund to Effingham | AD40: 17 | AE40: Gallons
A41: 28381 | B41: 2017 | C41: Farm Use Red | D41: 31 | E41: 3 | F41: 4 | G41: 1 | H41: 1 | I41: 12 | J41: 1 | K41: 5 | L41: 3 | M41: 1 | Q41: =SUM(E41:P41) -> 31 | R41: =IFERROR((AVERAGE(E41:P41)),0) -> 3.4444444 | S41: =IFERROR((T41/R41),0) -> 0 | T41: =SUM(D41-Q41) -> 0 | U41: 2017 | V41: Farm Use Red | AA41: 43620 | AB41: 2018 | AC41: Cab Sauv Lot #1 from Pearmund to Effingham | AD41: 7 | AE41: Gallons
A42: 137517 | B42: 2017 | C42: Tugs Cuvee | D42: 167 | E42: 0 | F42: 29 | G42: 0 | H42: 17 | I42: 0 | J42: 0 | K42: 0 | L42: 0 | M42: =121-116 -> 5 | N42: 0 | O42: 0 | P42: 0 | Q42: =SUM(E42:P42) -> 51 | R42: =IFERROR((AVERAGE(E42:P42)),0) -> 4.25 | S42: =IFERROR((T42/R42),0) -> 27.294118 | T42: =SUM(D42-Q42) -> 116 | U42: 2017 | V42: Tugs Cuvee | AA42: 43626 | AB42: 2018 | AC42: VH Viognier | AD42: 50 | AE42: Cases
A43: 116508 | B43: n/v | C43: Va's Heritage | D43: 437 | E43: 30 | F43: 16 | G43: 0 | H43: 0 | I43: =391-365 -> 26 | J43: 3 | K43: 13 | L43: 52 | M43: =297-191 -> 106 | N43: 0 | O43: 0 | P43: 0 | Q43: =SUM(E43:P43) -> 246 | R43: =IFERROR((AVERAGE(E43:P43)),0) -> 20.5 | S43: =IFERROR((T43/R43),0) -> 9.3170732 | T43: =SUM(D43-Q43) -> 191 | U43: n/v | V43: Va's Heritage | AA43: 43626 | AB43: 2018 | AC43: EFF Viognier | AD43: 352 | AE43: Cases
R44: =IFERROR((AVERAGE(E44:P44)),0) -> 0 | S44: =IFERROR((T44/R44),0) -> 0 | T44: =SUM(D44-Q44) -> #VALUE! | AA44: 43739 | AB44: 2017 | AC44: Transfer Chambourcin from VH to PC bulk wine | AD44: 275 | AE44: Gallons
A45: 111575 | B45: 2018 | C45: Wine Club Rose | D45: 580 | G45: 0 | H45: 8 | I45: =572-504 -> 68 | J45: 39 | K45: 33 | L45: 25 | M45: =407-369 -> 38 | N45: 28 | O45: =341-234 -> 107 | P45: =234-225-4 -> 5 | Q45: =SUM(E45:P45) -> 351 | R45: =IFERROR((AVERAGE(E45:P45)),0) -> 35.1 | S45: =IFERROR((T45/R45),0) -> 6.5242165 | T45: =SUM(D45-Q45) -> 229 | U45: 2018 | V45: Wine Club Rose | AA45: 43739 | AB45: 2018 | AC45: Transfer Syrah - Sarah from VH recover as bulk | AD45: 22 | AE45: Cases
A46: 11198 | B46: 2018 | C46: Petit Manseng | D46: 389 | G46: 6 | H46: 4 | I46: 1 | J46: 2 | K46: 15 | L46: 35 | M46: =326-312 -> 14 | N46: 6 | O46: 1 | P46: 3 | Q46: =SUM(E46:P46) -> 87 | R46: =IFERROR((AVERAGE(E46:P46)),0) -> 8.7 | S46: =IFERROR((T46/R46),0) -> 34.712644 | T46: =SUM(D46-Q46) -> 302 | U46: 2018 | V46: Petit Manseng | AA46: 43746 | AB46: 2019 | AC46: Transfer Merlot - George from PC to EM bulk wine | AD46: 210 | AE46: Gallons
A47: 28384 | B47: 2018 | C47: Farm Use White | Q47: =SUM(E47:P47) -> 0 | R47: =IFERROR((AVERAGE(E47:P47)),0) -> 0 | S47: =IFERROR((T47/R47),0) -> 0 | T47: =SUM(D47-Q47) -> 0 | U47: 2018 | V47: Farm Use White | AA47: 43746 | AB47: 2019 | AC47: Transfer Tannat-Silvia from PC to EM bulk wine | AD47: 990 | AE47: Gallons
A48: 57632 | B48: 2018 | C48: Viognier | D48: 540 | J48: 6 | K48: 4 | L48: 2 | M48: 6 | N48: 0 | O48: 0 | P48: 0 | Q48: =SUM(E48:P48) -> 18 | R48: =IFERROR((AVERAGE(E48:P48)),0) -> 2.5714286 | S48: =IFERROR((T48/R48),0) -> 203 | T48: =SUM(D48-Q48) -> 522 | U48: 2018 | V48: Viognier | AA48: 43746 | AB48: 2019 | AC48: Transfer Tannat-George from PC to EM bulk wine | AD48: 570 | AE48: Gallons
A49: 57630 | B49: 2018 | C49: Chardonnay | D49: 383 | K49: 4 | L49: 5 | M49: 3 | N49: 0 | O49: 0 | P49: =371-367 -> 4 | Q49: =SUM(E49:P49) -> 16 | R49: =IFERROR((AVERAGE(E49:P49)),0) -> 2.6666667 | S49: =IFERROR((T49/R49),0) -> 137.625 | T49: =SUM(D49-Q49) -> 367 | U49: 2018 | V49: Chardonnay | AA49: 43746 | AB49: 2019 | AC49: Transfer Cab Franc-Trumb from PC to EM bulk wine | AD49: 660 | AE49: Gallons
A50: 137518 | B50: 2018 | C50: Pinot Gris | D50: 273 | G50: 24 | H50: 3 | I50: =246-198 -> 48 | J50: 17 | K50: 22 | L50: 16 | M50: =143-118 -> 25 | N50: 20 | O50: 28 | P50: =70-59-5 -> 6 | Q50: =SUM(E50:P50) -> 209 | R50: =IFERROR((AVERAGE(E50:P50)),0) -> 20.9 | S50: =IFERROR((T50/R50),0) -> 3.062201 | T50: =SUM(D50-Q50) -> 64 | U50: 2018 | V50: Pinot Gris | AA50: 43746 | AB50: 2019 | AC50: Transfer Cab Sauv-L1 George from PC to EM bulk wine | AD50: 330 | AE50: Gallons
A51: 133688 | B51: 2018 | C51: Cab Franc | D51: 666 | K51: 0 | L51: 9 | M51: 5 | N51: 1 | O51: =651-649 -> 2 | P51: =6-1 -> 5 | Q51: =SUM(E51:P51) -> 22 | R51: =IFERROR((AVERAGE(E51:P51)),0) -> 3.6666667 | S51: =IFERROR((T51/R51),0) -> 175.63636 | T51: =SUM(D51-Q51) -> 644 | U51: 2018 | V51: Cab Franc | AA51: 43746 | AB51: 2019 | AC51: Transfer Merlot-SC from PC to EM bulk wine | AD51: 660 | AE51: Gallons
A52: 27736 | B52: 2018 | C52: Petit Verdot | D52: 513 | P52: =513-468-2 -> 43 | Q52: =SUM(E52:P52) -> 43 | R52: =IFERROR((AVERAGE(E52:P52)),0) -> 43 | S52: =IFERROR((T52/R52),0) -> 10.930233 | T52: =SUM(D52-Q52) -> 470 | U52: 2018 | V52: Petit Verdot | AA52: 43746 | AB52: 2019 | AC52: Transfer Merlot-Silvia from PC to EM bulk wine | AD52: 660 | AE52: Gallons
A53: 135371 | B53: 2018 | C53: Cab Sauv Reserve | D53: 384 | P53: =384-342-2 -> 40 | Q53: =SUM(E53:P53) -> 40 | R53: =IFERROR((AVERAGE(E53:P53)),0) -> 40 | S53: =IFERROR((T53/R53),0) -> 8.6 | T53: =SUM(D53-Q53) -> 344 | U53: 2018 | V53: Cab Sauv Reserve | AA53: 43746 | AB53: 2019 | AC53: Transfer Cab Franc-TG from PC to EM bulk wine | AD53: 275 | AE53: Gallons
A54: 22921 | B54: 2018 | C54: Ameritage | D54: 1001 | P54: =1001-994 -> 7 | Q54: =SUM(E54:P54) -> 7 | R54: =IFERROR((AVERAGE(E54:P54)),0) -> 7 | S54: =IFERROR((T54/R54),0) -> 142 | T54: =SUM(D54-Q54) -> 994 | U54: 2018 | V54: Ameritage | AA54: 43746 | AB54: 2019 | AC54: Transfer Syrah-George from PC to VH bulk wine | AD54: 150 | AE54: Gallons
B55: 6th Mission | C55: Black Ops | D55: 1173 | P55: =1173-1148-2 -> 23 | Q55: =SUM(E55:P55) -> 23 | R55: =IFERROR((AVERAGE(E55:P55)),0) -> 23 | S55: =IFERROR((T55/R55),0) -> 50 | T55: =SUM(D55-Q55) -> 1150 | U55: 6th Mission | V55: Black Ops | AA55: 43746 | AB55: 2019 | AC55: Transfer Grenache-George from PC to VH bulk wine | AD55: 330 | AE55: Gallons
A56: 22384 | B56: 2018 | C56: Merlot | D56: 415 | K56: 0 | L56: 0 | M56: 0 | N56: 16 | O56: 40 | P56: =359-342-3 -> 14 | Q56: =SUM(E56:P56) -> 70 | R56: =IFERROR((AVERAGE(E56:P56)),0) -> 11.666667 | S56: =IFERROR((T56/R56),0) -> 29.571429 | T56: =SUM(D56-Q56) -> 345 | U56: 2018 | V56: =+C56 -> Merlot | AA56: 43746 | AB56: 2019 | AC56: Transfer Merlot-Silvia from PC to VH bulk wine | AD56: 330 | AE56: Gallons
B57: N/V | C57: Sparlking Wine | D57: 132 | U57: N/V | V57: Sparlking Wine | AA57: 43746 | AB57: 2019 | AC57: Transfer Petit Verdot from PC to VH bulk wiine | AD57: 405 | AE57: Gallons
AA58: 43753 | AB58: 2016 | AC58: Transfer Chambourcin from VH to PC bulk wine | AD58: 120 | AE58: Gallons
AA59: 43753 | AB59: 2016 | AC59: Transfer Merlot from VH to PC bulk wine | AD59: 390 | AE59: Gallons
B60: N/V | C60: Cameo Rose | D60: 0 | Q60: =SUM(E60:P60) -> 0 | R60: =IFERROR((AVERAGE(E60:P60)),0) -> 0 | S60: =IFERROR((T60/R60),0) -> 0 | T60: =SUM(D60-Q60) -> 0 | U60: 2019 | V60: Cameo Rose | AA60: 43753 | AB60: 2018 | AC60: Transfer Cab Franc from VH to PC bulk wine | AD60: 180 | AE60: Gallons
A61: 11198 | B61: 2019 | C61: Petit Manseng | D61: 0 | Q61: =SUM(E61:P61) -> 0 | R61: =IFERROR((AVERAGE(E61:P61)),0) -> 0 | S61: =IFERROR((T61/R61),0) -> 0 | T61: =SUM(D61-Q61) -> 0 | U61: 2019 | V61: Petit Manseng | AA61: 43753 | AB61: 2018 | AC61: Transfer Merlot from VH to PC bulk wine | AD61: 120 | AE61: Gallons
B62: 2019 | C62: Palindrome | D62: 0 | Q62: =SUM(E62:P62) -> 0 | R62: =IFERROR((AVERAGE(E62:P62)),0) -> 0 | S62: =IFERROR((T62/R62),0) -> 0 | T62: =SUM(D62-Q62) -> 0 | U62: 2019 | V62: Palindrome | AA62: 43753 | AB62: 2018 | AC62: Transfer Petit Verdot from VH to PC bulk wiine | AD62: 360 | AE62: Gallons
A63: 57632 | B63: 2019 | C63: Viognier | D63: 0 | Q63: =SUM(E63:P63) -> 0 | R63: =IFERROR((AVERAGE(E63:P63)),0) -> 0 | S63: =IFERROR((T63/R63),0) -> 0 | T63: =SUM(D63-Q63) -> 0 | U63: 2019 | V63: Viognier | AA63: 43767 | AB63: 2019 | AC63: Transer Cab Franc-Trump from PC to VH bulk wine | AD63: 275 | AE63: Gallons
A64: 57630 | B64: 2019 | C64: Chardonnay | D64: 0 | Q64: =SUM(E64:P64) -> 0 | R64: =IFERROR((AVERAGE(E64:P64)),0) -> 0 | S64: =IFERROR((T64/R64),0) -> 0 | T64: =SUM(D64-Q64) -> 0 | U64: 2019 | V64: Chardonnay | AA64: 43767 | AB64: 2019 | AC64: Transfer Cab Franc-Silver Creek from PC to VH bulk wine | AD64: 275 | AE64: Gallons
B65: 2019 | D65: 0 | Q65: =SUM(E65:P65) -> 0 | R65: =IFERROR((AVERAGE(E65:P65)),0) -> 0 | S65: =IFERROR((T65/R65),0) -> 0 | T65: =SUM(D65-Q65) -> 0 | AA65: 43767 | AB65: 2019 | AC65: Transfer Merlot-Silvia from PC to VH bulk wine | AD65: 330 | AE65: Gallons
A66: 133688 | B66: 2019 | C66: Cab Franc | D66: 0 | Q66: =SUM(E66:P66) -> 0 | R66: =IFERROR((AVERAGE(E66:P66)),0) -> 0 | S66: =IFERROR((T66/R66),0) -> 0 | T66: =SUM(D66-Q66) -> 0 | U66: 2019 | V66: Cab Franc | AA66: 43767 | AB66: 2019 | AC66: Transfer Cab Sauv-Silvia from PC to VH bulk wine | AD66: 330 | AE66: Gallons
A67: 27736 | B67: 2019 | C67: Petit Verdot | D67: 0 | Q67: =SUM(E67:P67) -> 0 | R67: =IFERROR((AVERAGE(E67:P67)),0) -> 0 | S67: =IFERROR((T67/R67),0) -> 0 | T67: =SUM(D67-Q67) -> 0 | U67: 2019 | V67: Petit Verdot | AA67: 43767 | AB67: 2019 | AC67: Transfer Petit Verdot-Silver Creek from PC to VH bulk wine | AD67: 275 | AE67: Gallons
A68: 135371 | B68: 2019 | C68: Cab Sauv Reserve | D68: 0 | Q68: =SUM(E68:P68) -> 0 | R68: =IFERROR((AVERAGE(E68:P68)),0) -> 0 | S68: =IFERROR((T68/R68),0) -> 0 | T68: =SUM(D68-Q68) -> 0 | U68: 2019 | V68: Cab Sauv Reserve | AA68: 43767 | AB68: 2019 | AC68: Transfer Cab Sauv-L1 from PC to EM bulk wine | AD68: 330 | AE68: Gallons
A69: 22921 | B69: 2019 | C69: Ameritage | D69: 0 | Q69: =SUM(E69:P69) -> 0 | R69: =IFERROR((AVERAGE(E69:P69)),0) -> 0 | S69: =IFERROR((T69/R69),0) -> 0 | T69: =SUM(D69-Q69) -> 0 | U69: 2019 | V69: Ameritage | AA69: 76639 | AB69: 2019 | AC69: Transfer Petit Verdot-George from PC to EM bulk wine | AD69: 330 | AE69: Gallons
B70: 7th Mission | C70: Black Ops | D70: 0 | Q70: =SUM(E70:P70) -> 0 | S70: =IFERROR((T70/R70),0) -> 0 | T70: =SUM(D70-Q70) -> 0 | U70: 7th Mission | V70: Black Ops | AA70: 76639 | AB70: 2019 | AC70: Transfer Petit Verdot-Silver Creek from PC to EM bulk wine | AD70: 330 | AE70: Gallons
V71: =+C71 | AA71: 76639 | AB71: 2019 | AC71: Transfer Cab Franc-Silver Creek from PC to EM bulk wine | AD71: 330 | AE71: Gallons
AA72: 76639 | AB72: 2019 | AC72: Transfer Cab Franc-Trump from PC to EM bulk wine | AD72: 330 | AE72: Gallons
AA73: 43769 | AB73: 2018 | AC73: Transfer Merlot (Black Ops component) from EM to PC | AD73: 280 | AE73: Gallons
AA74: 43769 | AB74: 2018 | AC74: Transfer Cab Sauv (Black Ops componet) from EM to PC | AD74: 60 | AE74: Gallons
B75: 2014 | D75: =SUM(D10:D11) -> 131 | E75: =SUM(E10:E11) -> 18 | F75: =SUM(F10:F11) -> 11 | G75: =SUM(G10:G11) -> 10 | H75: =SUM(H10:H11) -> 9 | I75: =SUM(I10:I11) -> 14 | J75: =SUM(J10:J11) -> 5 | K75: =SUM(K10:K11) -> 9 | ... Q75: =SUM(Q10:Q11) -> 116 | R75: =AVERAGE(E75:P75) -> 9.6666667 | S75: =T75/R75 -> 1.5517241 | T75: =SUM(D75-Q75) -> 15 | U75: 2014 | AA75: 43769 | AB75: 2019 | AC75: Transfer Cab Franc-Silver Creek from EM to PC | AD75: 140 | AE75: Gallons
B76: 2015 | D76: =SUM(D13:D14) -> 390 | E76: =SUM(E13:E14) -> 12 | F76: =SUM(F13:F14) -> 12 | G76: =SUM(G13:G14) -> 8 | H76: =SUM(H13:H14) -> 7 | I76: =SUM(I13:I14) -> 8 | J76: =SUM(J13:J14) -> 6 | K76: =SUM(K13:K14) -> 11 | ... Q76: =SUM(Q13:Q14) -> 140 | R76: =AVERAGE(E76:P76) -> 11.666667 | S76: =T76/R76 -> 21.428571 | T76: =SUM(D76-Q76) -> 250 | U76: 2015 | AA76: 43769 | AB76: 2019 | AC76: Transfer Cab Franc-L1 from PC to VH | AD76: 200 | AE76: Gallons
B77: 2016 | D77: =SUM(D16:D25) -> 2812 | E77: =SUM(E16:E25) -> 204 | F77: =SUM(F16:F25) -> 280 | G77: =SUM(G16:G25) -> 156 | H77: =SUM(H16:H25) -> 139 | I77: =SUM(I16:I25) -> 266 | J77: =SUM(J16:J25) -> 119 | K77: =SUM(K16:K25) -> 156 | ... Q77: =SUM(Q16:Q25) -> 2101 | R77: =AVERAGE(E77:P77) -> 175.08333 | S77: =T77/R77 -> 4.0609234 | T77: =SUM(D77-Q77) -> 711 | U77: 2016 | AA77: 43781 | AB77: 2019 | AC77: Transfer Mourvedre-George from PC to VH bulk wine | AD77: 150 | AE77: Gallons
B78: 2017 | D78: =SUM(D27:D43) -> 5851 | E78: =SUM(E27:E43) -> 107 | F78: =SUM(F27:F43) -> 270 | G78: =SUM(G27:G43) -> 106 | H78: =SUM(H27:H43) -> 132 | I78: =SUM(I27:I43) -> 343 | J78: =SUM(J27:J43) -> 118 | K78: =SUM(K27:K43) -> 199 | ... Q78: =SUM(Q27:Q43) -> 2303 | R78: =AVERAGE(E78:P78) -> 191.91667 | S78: =T78/R78 -> 18.487191 | T78: =SUM(D78-Q78) -> 3548 | U78: 2017 | AA78: 43790 | AB78: 2018 | AC78: Transfer Merlot-Lot 2/3 from EM to PC bulk wine | AD78: 105 | AE78: Gallons
B79: 2018 | D79: =SUM(D45:D58) -> 6449 | E79: =SUM(E45:E58) -> 0 | F79: =SUM(F45:F58) -> 0 | G79: =SUM(G45:G58) -> 30 | H79: =SUM(H45:H58) -> 15 | I79: =SUM(I45:I58) -> 117 | J79: =SUM(J45:J58) -> 64 | K79: =SUM(K45:K58) -> 78 | ... Q79: =SUM(Q45:Q58) -> 886 | R79: =AVERAGE(E79:P79) -> 73.833333 | S79: =T79/R79 -> 75.345372 | T79: =SUM(D79-Q79) -> 5563 | U79: 2018 | AA79: 43790 | AB79: 2019 | AC79: Transfer Cab Sauv LC from PC to EM bulk wine | AD79: 120 | AE79: Gallons
B80: 2019 | D80: =SUM(D60:D73) -> 0 | E80: =SUM(E60:E73) -> 0 | F80: =SUM(F60:F73) -> 0 | G80: =SUM(G60:G73) -> 0 | H80: =SUM(H60:H73) -> 0 | I80: =SUM(I60:I73) -> 0 | J80: =SUM(J60:J73) -> 0 | K80: =SUM(K60:K73) -> 0 | ... Q80: =SUM(Q60:Q73) -> 0 | U80: 2019
B81: TOTAL | D81: =SUM(D75:D79) -> 15633 | E81: =SUM(E75:E79) -> 341 | F81: =SUM(F75:F79) -> 573 | G81: =SUM(G75:G79) -> 310 | H81: =SUM(H75:H79) -> 302 | I81: =SUM(I75:I79) -> 748 | J81: =SUM(J75:J79) -> 312 | K81: =SUM(K75:K79) -> 453 | ... P81: =SUM(P75:P79) -> 316 | Q81: =SUM(Q10:Q73) -> 5546 | R81: =AVERAGE(E81:P81) -> 462.16667 | S81: =T81/R81 -> 21.82546 | T81: =SUM(T75+T76+T77+T78+T79+T80) -> 10087 | U81: TOTAL | AA81: 43790 | AB81: 2019 | AC81: Transfer Cab Sauv LC from PC to VH bulk wine | AD81: 210 | AE81: Gallons
AA82: 43790 | AB82: 2019 | AC82: Transfer Cab Sauv-L4 from PC to VH bulk wine | AD82: 330 | AE82: Gallons
B85: 2017 | C85: Stainless Steel Chard Shiners | D85: 168
B86: 2018 | C86: Chard Shiners | D86: 112
B87: 2018 | C87: Vio Shhiners | D87: 112
B90: IN-BOND TRANSFERS | D90: Starting Cases | E90: In(+) or Out(-) Cases | Q90: Remaining Cases | U90: IN-BOND TRANSFERS
AC94: ADDITIONS - Sugar/concentrate/juice/bulk wine
AA96: 43496 | AC96: Syrah Rose | AD96: 891 gal
AA97: 43496 | AC97: Riesling | AD97: 339 gal
AA98: 43739 | AB98: 2018 | AC98: Chardonnay 68 Brix (6 gallon pail) | AD98: 15
AA99: 43739 | AB99: 2018 | AC99: Viognier 68 Brix (6 gallon pail) | AD99: 5
AA100: 43739 | AB100: 2018 | AC100: Sauvignon Blanc 68 Brix (6 gallon pail) | AD100: 10
AA101: 43739 | AB101: 2018 | AC101: Pinot Grigio 68 Brix (6 gallon pail) | AD101: 2
AA102: 43739 | AB102: 2018 | AC102: Cab Franc 68 Brix (6 gallon pail) | AD102: 10
AA103: 43739 | AB103: 2018 | AC103: Cabernet Sauvignon 68 Brix (6 gallon pail) | AD103: 5
AA104: 43739 | AB104: 2018 | AC104: Merlot 68 Brix (6 gallon pail) | AD104: 10
B105: PEARMUND CELLARS | AA105: 43739 | AB105: 2018 | AC105: Petite Verdot 68 Brix (6 gallon pail) | AD105: 9
B106: YEAR | C106: BULK WINE ONLY | D106: YE Gal | E106: Jan | F106: Feb | G106: Mar | H106: Apr | I106: May | J106: Jun | K106: Jul | L106: Aug | M106: Sep | N106: Oct | O106: Nov | P106: Dec | AA106: 43739 | AC106: (Purple) (6 gallon pail) | AD106: 1
B107: 2016 | C107: Merlot | D107: 800 | H107: 140 | P107: 0
C108: Chambourcin | H108: 55 | P108: 0
B109: 2017 | C109: Merlot | D109: 0 | P109: 0
...

Sheet 2020
C2: 44196
Z3: 2020 BOTTLINGS
Z4: 43881 | AA4: NV | AB4: Cameo Rose | AC4: 1545 | AD4: cases
M5: I, Chris Pearmund, hereby attest that a physical inventory of all bulk and bottled wine was performed, and the pages attached reflect the results of that inventory. This inventory is true to the best of my knowledge and ability. | Z5: 43881 | AA5: 2019 | AB5: VH Rose (Rosie) | AC5: 115 | AD5: cases
B6: CASES MOVED PER MONTH | V6: CASES MOVED PER MONTH | Z6: 43934 | AA6: 2019 | AB6: Petit Manseng | AC6: 189 | AD6: cases
A7: ABC # | B7: Year | C7: Wine | D7: 2019 Monthly Avg | E7: 2020 BOY Inventory | F7: Jan | G7: Feb | H7: Mar | I7: Apr | J7: May | K7: Jun | L7: Jul | M7: Aug | N7: Sep | O7: Oct | P7: Nov | Q7: Dec | R7: Totals | S7: 2020 Monthly Avg | T7: Months Left | U7: Remaining Inventory | V7: Year | W7: Wine | Z7: 43934 | AA7: 2019 | AB7: Palindrome | AC7: 491 | AD7: cases
F8: 1 | Z8: 43934 | AA8: 2019 | AB8: VH Sauv Blanc | AC8: 105 | AD8: cases
A9: 115264 | B9: 2014 | C9: LH Tannat | D9: 9 | E9: 15 | F9: 7 | G9: 8 | R9: =SUM(F9:Q9) -> 15 | S9: =IFERROR((AVERAGE(F9:Q9)),0) -> 7.5 | T9: =IFERROR((U9/S9),0) -> 0 | U9: =SUM(E9-R9) -> 0 | V9: =+B9 -> 2014 | W9: LH Tannat | Z9: 43934 | AA9: 2019 | AB9: VH Petit Manseng | AC9: 50 | AD9: cases
Z10: 43934 | AA10: 2019 | AB10: VH Misty | AC10: 100 | AD10: cases
A11: 30306 | B11: 2015 | C11: Vin de Sol (88 cs/pallet) | D11: 2 | E11: 195 | F11: 0 | G11: 17 | H11: 2 | I11: 1 | J11: 0 | K11: 0 | L11: 0 | M11: 0 | N11: 0 | O11: 0 | P11: 0 | Q11: 0 | R11: =SUM(F11:Q11) -> 20 | S11: =IFERROR((AVERAGE(F11:Q11)),0) -> 1.6666667 | T11: =IFERROR((U11/S11),0) -> 105 | U11: =SUM(E11-R11) -> 175 | V11: 2015 | W11: Vin de Sol | Z11: 43934 | AA11: 2019 | AB11: EFF Petit Manseng | AC11: 75 | AD11: cases
A12: 84802 | B12: 2015 | C12: Cab Franc Res | D12: 10 | E12: 34 | F12: 19 | G12: 9 | H12: 6 | I12: 0 | R12: =SUM(F12:Q12) -> 34 | S12: =IFERROR((AVERAGE(F12:Q12)),0) -> 8.5 | T12: =IFERROR((U12/S12),0) -> 0 | U12: =SUM(E12-R12) -> 0 | V12: 2015 | W12: Cab Franc Res | Z12: 43934 | AA12: 2019 | AB12: EFF Celebration | AC12: 383 | AD12: cases
Z13: 43992 | AA13: 2019 | AB13: PC Viogner | AC13: 502 | AD13: cases
A14: 57630 | B14: 2016 | C14: Chardonnay | D14: 32 | E14: 15 | F14: 2 | G14: 1 | H14: 1 | I14: 1 | J14: 1 | R14: =SUM(F14:Q14) -> 6 | S14: =IFERROR((AVERAGE(F14:Q14)),0) -> 1.2 | T14: =IFERROR((U14/S14),0) -> 0 | U14: 0 | V14: =+B14 -> 2016 | W14: =+C14 -> Chardonnay | Z14: 43992 | AA14: 2019 | AB14: Eff Viogner | AC14: 297 | AD14: cases
A15: 133687 | B15: 2016 | C15: Cab Franc Res | D15: 10 | E15: 112 | F15: 0 | G15: 1 | H15: 5 | I15: 5 | J15: 12 | K15: 9 | L15: 10 | M15: 8 | N15: 13 | O15: 16 | P15: 16 | Q15: 17 | R15: =SUM(F15:Q15) -> 112 | S15: =IFERROR((AVERAGE(F15:Q15)),0) -> 9.3333333 | T15: =IFERROR((U15/S15),0) -> 0 | U15: =SUM(E15-R15) -> 0 | V15: =+B15 -> 2016 | W15: =+C15 -> Cab Franc Res | Z15: 43992 | AA15: 2019 | AB15: Eff Chardonnay | AC15: 412 | AD15: cases
A16: 28361 | B16: 2016 | C16: Cab Sauv | E16: 6 | F16: 6 | R16: =SUM(F16:Q16) -> 6 | S16: =IFERROR((AVERAGE(F16:Q16)),0) -> 6 | T16: =IFERROR((U16/S16),0) -> 0 | U16: =SUM(E16-R16) -> 0 | V16: =+B16 -> 2016 | W16: =+C16 -> Cab Sauv | Z16: 43992 | AA16: 2019 | AB16: Eff Chardonnay Shiners | AC16: 14 | AD16: cases
A17: 22921 | B17: 2016 | C17: Ameritage ***Orig bottling was 904 cases but 111 cases of 2015 AM were relabeled as 2016 | E17: 144 | F17: 57 | G17: 70 | H17: 11 | I17: 1 | J17: 2 | K17: 0 | R17: =SUM(F17:Q17) -> 141 | S17: =IFERROR((AVERAGE(F17:Q17)),0) -> 23.5 | T17: =IFERROR((U17/S17),0) -> 0 | U17: 0 | V17: =+B17 -> 2016 | W17: Ameritage | Z17: 44172 | AA17: 2019 | AB17: Chardonnay Vintner | AC17: 50 | AD17: cases
A18: 133685 | B18: 2016 | C18: Ameritage Res | E18: 232 | F18: 30 | G18: 24 | H18: 22 | I18: 16 | J18: 14 | K18: 15 | L18: 11 | M18: 23 | N18: 20 | O18: 26 | P18: 27 | Q18: 4 | R18: =SUM(F18:Q18) -> 232 | S18: =IFERROR((AVERAGE(F18:Q18)),0) -> 19.333333 | T18: =IFERROR((U18/S18),0) -> 0 | U18: =SUM(E18-R18) -> 0 | V18: =+B18 -> 2016 | W18: =+C18 -> Ameritage Res | Z18: 44172 | AA18: 2019 | AB18: VH Chardonnay Vintner | AC18: 25 | AD18: cases
A19: 135370 | B19: 2016 | C19: Petit Verdot Reserve | E19: 202 | F19: 20 | G19: 8 | H19: 2 | I19: 9 | J19: 21 | K19: 7 | L19: 8 | M19: 8 | N19: 10 | O19: 14 | P19: 14 | Q19: 11 | R19: =SUM(F19:Q19) -> 132 | S19: =IFERROR((AVERAGE(F19:Q19)),0) -> 11 | T19: =IFERROR((U19/S19),0) -> 6.3636364 | U19: =SUM(E19-R19) -> 70 | V19: =+B19 -> 2016 | W19: =+C19 -> Petit Verdot Reserve | Z19: 44172 | AA19: 2019 | AB19: Chardonnay Shiners | AC19: 36 | AD19: cases
Z20: 44172 | AA20: 2019 | AB20: VH Chardonnay | AC20: 164 | AD20: cases
A21: 11198 | B21: 2017 | C21: Petit Manseng | D21: 26 | E21: 53 | F21: 19 | G21: 21 | H21: 9 | I21: 4 | R21: =SUM(F21:Q21) -> 53 | S21: =IFERROR((AVERAGE(F21:Q21)),0) -> 13.25 | T21: =IFERROR((U21/S21),0) -> 0 | U21: =SUM(E21-R21) -> 0 | V21: 2017 | W21: Petit Manseng | Z21: 44172 | AA21: 2019 | AB21: Chardonnay | AC21: 400 | AD21: cases
A22: 28384 | B22: 2017 | C22: Farm Use White | E22: 46 | F22: 4 | G22: 1 | H22: 6 | I22: 15 | J22: 18 | K22: 2 | R22: =SUM(F22:Q22) -> 46 | S22: =IFERROR((AVERAGE(F22:Q22)),0) -> 7.6666667 | T22: =IFERROR((U22/S22),0) -> 0 | U22: =SUM(E22-R22) -> 0 | V22: 2017 | W22: Farm Use white | Z22: 44172 | AA22: 2019 | AB22: Merlot | AC22: 227 | AD22: cases
A23: 57632 | B23: 2017 | C23: Viognier | D23: 35 | E23: 113 | F23: 17 | G23: 15 | H23: 16 | I23: 44 | J23: 21 | R23: =SUM(F23:Q23) -> 113 | S23: =IFERROR((AVERAGE(F23:Q23)),0) -> 22.6 | T23: =IFERROR((U23/S23),0) -> 0 | U23: =SUM(E23-R23) -> 0 | V23: 2017 | W23: Viognier | Z23: 44172 | AA23: 2019 | AB23: Cab Franc | AC23: 676 | AD23: cases
A24: 57630 | B24: 2017 | C24: Chardonnay | D24: 32 | E24: 854 | F24: 29 | G24: 19 | H24: 16 | I24: 16 | J24: 30 | K24: 23 | L24: 28 | M24: 33 | N24: 32 | O24: 38 | P24: 58 | Q24: 40 | R24: =SUM(F24:Q24) -> 362 | S24: =IFERROR((AVERAGE(F24:Q24)),0) -> 30.166667 | T24: =IFERROR((U24/S24),0) -> 16.309392 | U24: =SUM(E24-R24) -> 492 | V24: 2017 | W24: Chardonnay | Z24: 44173 | AA24: 2019 | AB24: Cab Franc Reserve | AC24: 298 | AD24: cases
A25: 133688 | B25: 2017 | C25: Cab Franc | E25: 348 | F25: 32 | G25: 32 | H25: 27 | I25: 28 | J25: 41 | K25: 21 | L25: 27 | M25: 69 | N25: 41 | O25: 30 | R25: =SUM(F25:Q25) -> 348 | S25: =IFERROR((AVERAGE(F25:Q25)),0) -> 34.8 | T25: =IFERROR((U25/S25),0) -> 0 | U25: =SUM(E25-R25) -> 0 | V25: 2017 | W25: Cab Franc | Z25: 44173 | AA25: 2019 | AB25: Cab Sauv Reserve | AC25: 116 | AD25: cases
A26: 133687 | B26: 2017 | C26: Cab Franc Res | D26: 15 | E26: 134 | F26: 0 | G26: 0 | H26: 0 | I26: 0 | J26: 0 | K26: 0 | L26: 0 | M26: 0 | N26: 5 | O26: 11 | P26: 4 | Q26: 14 | R26: =SUM(F26:Q26) -> 34 | S26: =IFERROR((AVERAGE(F26:Q26)),0) -> 2.8333333 | T26: =IFERROR((U26/S26),0) -> 35.294118 | U26: =SUM(E26-R26) -> 100 | V26: 2017 | W26: Cab Franc Res | Z26: 44173 | AA26: 2019 | AB26: Petit Verdot | AC26: 391 | AD26: cases
A27: 27736 | B27: 2017 | C27: Petit Verdot | E27: 384 | F27: 27 | G27: 17 | H27: 19 | I27: 52 | J27: 52 | K27: 22 | L27: 16 | M27: 16 | N27: 32 | O27: 24 | P27: 23 | Q27: 23 | R27: =SUM(F27:Q27) -> 323 | S27: =IFERROR((AVERAGE(F27:Q27)),0) -> 26.916667 | T27: =IFERROR((U27/S27),0) -> 2.2662539 | U27: =SUM(E27-R27) -> 61 | V27: 2017 | W27: Petit Verdot | Z27: 44173 | AA27: 2019 | AB27: Ameritage | AC27: 566 | AD27: cases
A28: 135371 | B28: 2017 | C28: Cab Sauv Reserve | E28: 236 | F28: 12 | G28: 4 | H28: 5 | I28: 10 | J28: 14 | K28: 7 | L28: 6 | M28: 6 | N28: 7 | O28: 12 | P28: 15 | Q28: 24 | R28: =SUM(F28:Q28) -> 122 | S28: =IFERROR((AVERAGE(F28:Q28)),0) -> 10.166667 | T28: =IFERROR((U28/S28),0) -> 11.213115 | U28: =SUM(E28-R28) -> 114 | V28: 2017 | W28: Cab Sauv Reserve
A29: 22921 | B29: 2017 | C29: Ameritage | E29: 738 | F29: 9 | G29: 78 | H29: 45 | I29: 51 | J29: 49 | K29: 45 | L29: 27 | M29: 46 | N29: 52 | O29: 49 | P29: 37 | Q29: 57 | R29: =SUM(F29:Q29) -> 545 | S29: =IFERROR((AVERAGE(F29:Q29)),0) -> 45.416667 | T29: =IFERROR((U29/S29),0) -> 4.2495413 | U29: =SUM(E29-R29) -> 193 | V29: 2017 | W29: Ameritage
A30: 135370 | B30: 2017 | C30: Petit Verdot Reserve | E30: 160 | F30: 0 | G30: 2 | H30: 0 | I30: 0 | J30: 0 | K30: 0 | L30: 2 | M30: 0 | N30: 0 | O30: 0 | P30: 0 | Q30: 0 | R30: =SUM(F30:Q30) -> 4 | S30: =IFERROR((AVERAGE(F30:Q30)),0) -> 0.33333333 | T30: =IFERROR((U30/S30),0) -> 468 | U30: =SUM(E30-R30) -> 156 | V30: 2017 | W30: Petit Verdot Reserve
A31: 137519 | B31: 5th Mission | C31: Black Ops | E31: 175 | F31: 49 | G31: 29 | H31: 22 | I31: 29 | J31: 46 | R31: =SUM(F31:Q31) -> 175 | S31: =IFERROR((AVERAGE(F31:Q31)),0) -> 35 | T31: =IFERROR((U31/S31),0) -> 0 | U31: =SUM(E31-R31) -> 0 | V31: 2017 | W31: Black Ops
A32: 137517 | B32: 2017 | C32: Tugs Cuvee | D32: 4 | E32: 116 | F32: 0 | G32: 6 | H32: 4 | I32: 1 | J32: 1 | K32: 0 | L32: 1 | M32: 0 | N32: 0 | O32: 0 | P32: 3 | Q32: 0 | R32: =SUM(F32:Q32) -> 16 | S32: =IFERROR((AVERAGE(F32:Q32)),0) -> 1.3333333 | T32: =IFERROR((U32/S32),0) -> 75 | U32: =SUM(E32-R32) -> 100 | V32: 2017 | W32: Tugs Cuvee | Z32: 2020 TRANSFERS
A33: 116508 | B33: n/v | C33: Va's Heritage | D33: 21 | E33: 191 | F33: 0 | G33: 0 | H33: 0 | I33: 2 | J33: 3 | K33: 0 | L33: 2 | M33: 4 | N33: 2 | O33: 17 | P33: 45 | Q33: 20 | R33: =SUM(F33:Q33) -> 95 | S33: =IFERROR((AVERAGE(F33:Q33)),0) -> 7.9166667 | T33: =IFERROR((U33/S33),0) -> 12.126316 | U33: =SUM(E33-R33) -> 96 | V33: n/v | W33: Va's Heritage | Z33: DATE | AA33: VINTAGE | AB33: DESCRIPTION | AC33: QUANTITY | AD33: UNIT
E34: #VALUE! | S34: =IFERROR((AVERAGE(F34:Q34)),0) -> 0 | T34: =IFERROR((U34/S34),0) -> 0 | U34: =SUM(E34-R34) -> #VALUE! | Z34: 43846 | AA34: 2018 | AB34: Eff sold/transfered to Meritage | AC34: 75 | AD34: Gallons
A35: 111575 | B35: 2018 | C35: Wine Club Rose | D35: 35 | E35: 229 | F35: 31 | G35: 36 | H35: 29 | I35: 19 | J35: 57 | K35: 57 | R35: =SUM(F35:Q35) -> 229 | S35: =IFERROR((AVERAGE(F35:Q35)),0) -> 38.166667 | T35: =IFERROR((U35/S35),0) -> 0 | U35: =SUM(E35-R35) -> 0 | V35: 2018 | W35: Wine Club Rose | Z35: 43915 | AA35: 2019 | AB35: PC sold/transfered to VH Cab Franc | AC35: 95 | AD35: Gallons
A36: 111575 | B36: 2018 | C36: Wine Club Rose 3L Bag | D36: 0 | E36: 52 | F36: 0 | G36: 7 | H36: 12 | I36: 7 | J36: 15 | K36: 11 | R36: =SUM(F36:Q36) -> 52 | S36: =IFERROR((AVERAGE(F36:Q36)),0) -> 8.6666667 | T36: =IFERROR((U36/S36),0) -> 0 | U36: =SUM(E36-R36) -> 0 | V36: 2018 | W36: Wine Club Rose | Z36: 43881 | AA36: 2019 | AB36: PC sold/transfered to VH Rose (Rosie) | AC36: 115 | AD36: cases
A37: 11198 | B37: 2018 | C37: Petit Manseng | D37: 26 | E37: 302 | F37: 0 | G37: 1 | H37: 1 | I37: 29 | J37: 59 | K37: 32 | L37: 17 | M37: 17 | N37: 24 | O37: 14 | P37: 24 | Q37: 18 | R37: =SUM(F37:Q37) -> 236 | S37: =IFERROR((AVERAGE(F37:Q37)),0) -> 19.666667 | T37: =IFERROR((U37/S37),0) -> 3.3559322 | U37: =SUM(E37-R37) -> 66 | V37: 2018 | W37: Petit Manseng | Z37: 43934 | AA37: 2019 | AB37: PC sold/transfered to VH Sauv Blanc | AC37: 105 | AD37: cases
A38: 57632 | B38: 2018 | C38: Viognier | D38: 35 | E38: 522 | F38: 0 | G38: 5 | H38: 0 | I38: 0 | J38: 47 | K38: 39 | L38: 40 | M38: 33 | N38: 41 | O38: 33 | P38: 27 | Q38: 22 | R38: =SUM(F38:Q38) -> 287 | S38: =IFERROR((AVERAGE(F38:Q38)),0) -> 23.916667 | T38: =IFERROR((U38/S38),0) -> 9.825784 | U38: =SUM(E38-R38) -> 235 | V38: 2018 | W38: Viognier | Z38: 43934 | AA38: 2019 | AB38: PC sold/transfered to VH Petit Manseng | AC38: 50 | AD38: cases
A39: 57630 | B39: 2018 | C39: Chardonnay | D39: 32 | E39: 367 | F39: 0 | G39: 7 | H39: 0 | I39: 0 | J39: 0 | K39: 0 | L39: 0 | M39: 0 | N39: 0 | O39: 0 | P39: 0 | Q39: 0 | R39: =SUM(F39:Q39) -> 7 | S39: =IFERROR((AVERAGE(F39:Q39)),0) -> 0.58333333 | T39: =IFERROR((U39/S39),0) -> 617.14286 | U39: =SUM(E39-R39) -> 360 | V39: 2018 | W39: Chardonnay | Z39: 43934 | AA39: 2019 | AB39: PC sold/transfered to VH Misty | AC39: 100 | AD39: cases
A40: 137518 | B40: 2018 | C40: Pinot Gris | D40: 21 | E40: 64 | F40: 19 | G40: 19 | H40: 9 | I40: 5 | J40: 12 | R40: =SUM(F40:Q40) -> 64 | S40: =IFERROR((AVERAGE(F40:Q40)),0) -> 12.8 | T40: =IFERROR((U40/S40),0) -> 0 | U40: =SUM(E40-R40) -> 0 | V40: 2018 | W40: Pinot Gris | Z40: 43934 | AA40: 2019 | AB40: PC sold/transfered to Eff Petit Manseng | AC40: 75 | AD40: cases
A41: 133688 | B41: 2018 | C41: Cab Franc | D41: 39 | E41: 644 | F41: 1 | G41: 5 | H41: 0 | I41: 0 | J41: 1 | K41: 4 | L41: 3 | M41: 3 | N41: 4 | O41: 21 | P41: 34 | Q41: 32 | R41: =SUM(F41:Q41) -> 108 | S41: =IFERROR((AVERAGE(F41:Q41)),0) -> 9 | T41: =IFERROR((U41/S41),0) -> 59.555556 | U41: =SUM(E41-R41) -> 536 | V41: 2018 | W41: Cab Franc | Z41: 43934 | AA41: 2019 | AB41: PC sold/transfered to Eff Celebration | AC41: 383 | AD41: cases
A42: 27736 | B42: 2018 | C42: Petit Verdot | D42: 29 | E42: 470 | F42: 5 | G42: 3 | H42: 1 | I42: 1 | J42: 7 | K42: 0 | L42: 5 | M42: 0 | N42: 0 | O42: 0 | P42: 0 | Q42: 0 | R42: =SUM(F42:Q42) -> 22 | S42: =IFERROR((AVERAGE(F42:Q42)),0) -> 1.8333333 | T42: =IFERROR((U42/S42),0) -> 244.36364 | U42: =SUM(E42-R42) -> 448 | V42: 2018 | W42: Petit Verdot | Z42: 43992 | AA42: 2019 | AB42: PC sold/transferred to EFF Viognier | AC42: 297 | AD42: cases
A43: 135371 | B43: 2018 | C43: Cab Sauv Reserve | E43: 344 | F43: 0 | G43: 6 | H43: 3 | I43: 0 | J43: 3 | K43: 0 | L43: 2 | M43: 0 | N43: 0 | O43: 0 | P43: 0 | Q43: 0 | R43: =SUM(F43:Q43) -> 14 | S43: =IFERROR((AVERAGE(F43:Q43)),0) -> 1.1666667 | T43: =IFERROR((U43/S43),0) -> 282.85714 | U43: =SUM(E43-R43) -> 330 | V43: 2018 | W43: Cab Sauv Reserve | Z43: 43992 | AA43: 2019 | AB43: PC sold/transferred to EFF Chardonnay | AC43: 412 | AD43: cases
A44: 22921 | B44: 2018 | C44: Ameritage | D44: 54 | E44: 994 | F44: 0 | G44: 3 | H44: 0 | I44: 0 | J44: 0 | K44: 1 | L44: 4 | M44: 0 | N44: 0 | O44: 0 | P44: 0 | Q44: 0 | R44: =SUM(F44:Q44) -> 8 | S44: =IFERROR((AVERAGE(F44:Q44)),0) -> 0.66666667 | T44: =IFERROR((U44/S44),0) -> 1479 | U44: =SUM(E44-R44) -> 986 | V44: 2018 | W44: Ameritage | Z44: 44053 | AA44: 2017 | AB44: PC sold/transferred to VH Chardonnay Shiners | AC44: 42 | AD44: cases
A45: 137519 | B45: 6th Mission | C45: Black Ops | E45: 1150 | F45: 7 | G45: 1 | H45: 4 | I45: 0 | J45: 7 | K45: 25 | L45: 34 | M45: 39 | N45: 43 | O45: 28 | P45: 117 | Q45: 26 | R45: =SUM(F45:Q45) -> 331 | S45: =IFERROR((AVERAGE(F45:Q45)),0) -> 27.583333 | T45: =IFERROR((U45/S45),0) -> 29.691843 | U45: =SUM(E45-R45) -> 819 | V45: 6th Mission | W45: Black Ops | Z45: 44068 | AA45: 2019 | AB45: PC sold/transferred to Eff Cameo Rose | AC45: 112 | AD45: cases
A46: 22384 | B46: 2018 | C46: Merlot | E46: 345 | F46: 10 | G46: 6 | H46: 3 | I46: 24 | J46: 0 | K46: 1 | L46: 12 | M46: 16 | N46: 15 | O46: 30 | P46: 53 | Q46: 26 | R46: =SUM(F46:Q46) -> 196 | S46: =IFERROR((AVERAGE(F46:Q46)),0) -> 16.333333 | T46: =IFERROR((U46/S46),0) -> 9.122449 | U46: =SUM(E46-R46) -> 149 | V46: 2018 | W46: =+C46 -> Merlot | Z46: 44089 | AA46: 2020 | AB46: PC sold/transferred to VH Syrah | AC46: 330 | AD46: Gallons
A47: 14826 | B47: N/V | C47: Sparlking Wine - NO TAX | E47: 132 | F47: 9 | G47: 60 | H47: 12 | I47: 3 | J47: 33 | K47: 0 | L47: 5 | M47: 7 | N47: 3 | O47: 0 | P47: 0 | Q47: 0 | R47: =SUM(F47:Q47) -> 132 | S47: =IFERROR((AVERAGE(F47:Q47)),0) -> 11 | T47: =IFERROR((U47/S47),0) -> 0 | U47: =SUM(E47-R47) -> 0 | V47: N/V | W47: Sparlking Wine | Z47: 44089 | AA47: 2020 | AB47: PC sold/transferred to VH Chambourcin Port | AC47: 90 | AD47: Gallons
Z48: 44091 | AA48: 2020 | AB48: PC sold/transferred to VH Pinot Noir | AC48: 130 | AD48: Gallons
Z49: 44091 | AA49: 2020 | AB49: PC sold/transferred to VH Malbec | AC49: 175 | AD49: Gallons
A50: 152192 | B50: N/V | C50: Cameo Rose | E50: 1545 | F50: 0 | G50: 0 | H50: 226 | I50: 92 | J50: 32 | K50: 26 | L50: 65 | M50: 210 | N50: 67 | O50: 22 | P50: 32 | Q50: 27 | R50: =SUM(F50:Q50) -> 799 | S50: =IFERROR((AVERAGE(F50:Q50)),0) -> 66.583333 | T50: =IFERROR((U50/S50),0) -> 11.204005 | U50: =SUM(E50-R50) -> 746 | V50: 2019 | W50: Cameo Rose | Z50: 44103 | AA50: 2020 | AB50: PC sold/transferred to VH Primitivo | AC50: 260 | AD50: Gallons
A51: 11198 | B51: 2019 | C51: Petit Manseng | D51: 26 | E51: 189 | I51: 6 | J51: 0 | K51: 3 | L51: 0 | M51: 0 | N51: 7 | O51: 2 | P51: 0 | Q51: 11 | R51: =SUM(F51:Q51) -> 29 | S51: =IFERROR((AVERAGE(F51:Q51)),0) -> 3.2222222 | T51: =IFERROR((U51/S51),0) -> 49.655172 | U51: =SUM(E51-R51) -> 160 | V51: 2019 | W51: Petit Manseng | Z51: 44103 | AA51: 2020 | AB51: PC sold/transferred to VH Touriga Port | AC51: 190 | AD51: Gallons
A52: 151516 | B52: 2019 | C52: Palindrome | D52: 19 | E52: 491 | I52: 2 | J52: 9 | K52: 34 | L52: 17 | M52: 23 | N52: 24 | O52: 13 | P52: 15 | Q52: 12 | R52: =SUM(F52:Q52) -> 149 | S52: =IFERROR((AVERAGE(F52:Q52)),0) -> 16.555556 | T52: =IFERROR((U52/S52),0) -> 20.657718 | U52: =SUM(E52-R52) -> 342 | V52: 2019 | W52: Palindrome | Z52: 44103 | AA52: 2020 | AB52: PC sold/transferred to VH Grenache | AC52: 150 | AD52: Gallons
A53: 57632 | B53: 2019 | C53: Viognier | D53: 36 | E53: 502 | K53: 1 | L53: 2 | M53: 3 | N53: 8 | O53: 3 | P53: 0 | Q53: 1 | R53: =SUM(F53:Q53) -> 18 | S53: =IFERROR((AVERAGE(F53:Q53)),0) -> 2.5714286 | T53: =IFERROR((U53/S53),0) -> 188.22222 | U53: =SUM(E53-R53) -> 484 | V53: 2019 | W53: Viognier | Z53: 44116 | AA53: 2020 | AB53: PC sold/transferred to VH Mourvedre | AC53: 240 | AD53: Gallons
A54: 57630 | B54: 2019 | C54: Chardonnay | D54: 30 | E54: 400 | Q54: 12 | R54: =SUM(F54:Q54) -> 12 | S54: =IFERROR((AVERAGE(F54:Q54)),0) -> 12 | T54: =IFERROR((U54/S54),0) -> 32.333333 | U54: =SUM(E54-R54) -> 388 | V54: 2019 | W54: Chardonnay | Z54: 44116 | AA54: 2020 | AB54: PC sold/transferred to VH Cab Franc | AC54: 120 | AD54: Gallons
A55: 22384 | B55: 2019 | C55: Merlot | D55: 0 | E55: 227 | Q55: 0 | R55: =SUM(F55:Q55) -> 0 | S55: =IFERROR((AVERAGE(F55:Q55)),0) -> 0 | T55: =IFERROR((U55/S55),0) -> 0 | U55: =SUM(E55-R55) -> 227 | V55: 2019 | W55: Merlot | Z55: 44116 | AA55: 2020 | AB55: PC sold/transferred to VH Cab Sauv | AC55: 110 | AD55: Gallons
A56: 133688 | B56: 2019 | C56: Cab Franc | D56: 39 | E56: 676 | Q56: 19 | R56: =SUM(F56:Q56) -> 19 | S56: =IFERROR((AVERAGE(F56:Q56)),0) -> 19 | T56: =IFERROR((U56/S56),0) -> 34.578947 | U56: =SUM(E56-R56) -> 657 | V56: 2019 | W56: Cab Franc | Z56: 44116 | AA56: 2020 | AB56: PC sold/transferred to VH Chambourcin Port | AC56: 160 | AD56: Gallons
A57: 133687 | B57: 2019 | C57: Cab Franc Res | E57: 298 | Q57: 0 | U57: =SUM(E57-R57) -> 298 | V57: 2019 | W57: Cab Franc Rederve | Z57: 44134 | AA57: 2020 | AB57: PC sold/transferred to VH Cab Franc | AC57: 330 | AD57: Gallons
A58: 27736 | B58: 2019 | C58: Petit Verdot | D58: 29 | E58: 391 | R58: =SUM(F58:Q58) -> 0 | S58: =IFERROR((AVERAGE(F58:Q58)),0) -> 0 | T58: =IFERROR((U58/S58),0) -> 0 | U58: =SUM(E58-R58) -> 391 | V58: 2019 | W58: Petit Verdot | Z58: 44134 | AA58: 2020 | AB58: PC sold/transferred to VH PV Port | AC58: 150 | AD58: Gallons
A59: 135371 | B59: 2019 | C59: Cab Sauv Reserve | D59: 0 | E59: 116 | Q59: 23 | R59: =SUM(F59:Q59) -> 23 | S59: =IFERROR((AVERAGE(F59:Q59)),0) -> 23 | T59: =IFERROR((U59/S59),0) -> 4.0434783 | U59: =SUM(E59-R59) -> 93 | V59: 2019 | W59: Cab Sauv Reserve | Z59: 44134 | AA59: 2019 | AB59: PC sold/transferred to Eff Red Blend | AC59: 275 | AD59: Gallons
A60: 22921 | B60: 2019 | C60: Ameritage | D60: 54 | E60: 566 | Q60: 6 | R60: =SUM(F60:Q60) -> 6 | S60: =IFERROR((AVERAGE(F60:Q60)),0) -> 6 | T60: =IFERROR((U60/S60),0) -> 93.333333 | U60: =SUM(E60-R60) -> 560 | V60: 2019 | W60: Ameritage | Z60: 44138 | AA60: 2020 | AB60: PC sold/transferred to EFF Cab Franc | AC60: 330 | AD60: Gallons
B61: 7th Mission | C61: Black Ops | D61: 0 | E61: 0 | R61: =SUM(F61:Q61) -> 0 | S61: =IFERROR((AVERAGE(F61:Q61)),0) -> 0 | T61: =IFERROR((U61/S61),0) -> 0 | U61: =SUM(E61-R61) -> 0 | V61: 7th Mission | W61: Black Ops | Z61: 44138 | AA61: 2020 | AB61: PC sold/transferred to EFF Merlot | AC61: 330 | AD61: Gallons
B62: 2019 | C62: Riesling - NO TAX TO PAY | E62: 120 | J62: 8 | K62: 12 | L62: 21 | M62: 60 | N62: 8 | O62: 3 | P62: 8 | R62: =SUM(F62:Q62) -> 120 | S62: =IFERROR((AVERAGE(F62:Q62)),0) -> 17.142857 | T62: =IFERROR((U62/S62),0) -> 0 | U62: =SUM(E62-R62) -> 0 | W62: =+C62 -> Riesling - NO TAX TO PAY | Z62: 44147 | AA62: 2020 | AB62: PC sold/transferred to VH Cab Sauv | AC62: 275 | AD62: Gallons
C63: Sparkling Wine | E63: 31 | M63: 5 | N63: 7 | O63: 12 | P63: 7 | R63: =SUM(F63:Q63) -> 31 | S63: =IFERROR((AVERAGE(F63:Q63)),0) -> 7.75 | T63: =IFERROR((U63/S63),0) -> 0 | U63: =SUM(E63-R63) -> 0 | W63: Sparlking | Z63: 44147 | AA63: 2020 | AB63: PC sold/transferred to VH Tannat | AC63: 275 | AD63: Gallons
C64: Sparkling Wine | E64: 70 | P64: 14 | Q64: 8 | R64: =SUM(F64:Q64) -> 22 | S64: =IFERROR((AVERAGE(F64:Q64)),0) -> 11 | T64: =IFERROR((U64/S64),0) -> 4.3636364 | U64: =SUM(E64-R64) -> 48 | W64: Sparlking | Z64: 44147 | AA64: 2020 | AB64: PC sold/transferred to VH Tannat Port | AC64: 155 | AD64: Gallons
Z65: 44155 | AA65: 2020 | AB65: PC sold/transferred to EFF Merlot | AC65: 660 | AD65: Gallons
B66: 2014 | E66: =SUM(E9:E9) -> 15 | F66: =SUM(F9:F9) -> 7 | G66: =SUM(G9:G9) -> 8 | H66: =SUM(H9:H9) -> 0 | I66: =SUM(I9:I9) -> 0 | J66: =SUM(J9:J9) -> 0 | K66: =SUM(K9:K9) -> 0 | L66: =SUM(L9:L9) -> 0 | ... R66: =SUM(R9:R9) -> 15 | S66: =AVERAGE(F66:Q66) -> 1.25 | T66: =U66/S66 -> 0 | U66: =U8 -> 0 | V66: 2014 | Z66: 44155 | AA66: 2020 | AB66: PC sold/transferred to EFF Petit Verdot | AC66: 330 | AD66: Gallons
B67: 2015 | E67: =SUM(E11:E12) -> 229 | F67: =SUM(F11:F12) -> 19 | G67: =SUM(G11:G12) -> 26 | H67: =SUM(H11:H12) -> 8 | I67: =SUM(I11:I12) -> 1 | J67: =SUM(J11:J12) -> 0 | K67: =SUM(K11:K12) -> 0 | L67: =SUM(L11:L12) -> 0 | ... R67: =SUM(R11:R12) -> 54 | S67: =AVERAGE(F67:Q67) -> 4.5 | T67: =U67/S67 -> 38.888889 | U67: =SUM(U11+U12) -> 175 | V67: 2015 | Z67: 44155 | AA67: 2020 | AB67: PC sold/transferred to EFF Tannat | AC67: 80 | AD67: Gallons
B68: 2016 | E68: =SUM(E14:E19) -> 711 | F68: =SUM(F14:F19) -> 115 | G68: =SUM(G14:G19) -> 104 | H68: =SUM(H14:H19) -> 41 | I68: =SUM(I14:I19) -> 32 | J68: =SUM(J14:J19) -> 50 | K68: =SUM(K14:K19) -> 31 | L68: =SUM(L14:L19) -> 29 | ... R68: =SUM(R14:R19) -> 629 | S68: =AVERAGE(F68:Q68) -> 52.416667 | T68: =U68/S68 -> 1.3354531 | U68: =SUM(U14:U19) -> 70 | V68: 2016 | Z68: 44179 | AA68: 2020 | AB68: PC sold/transferred to VH Cab Sauv | AC68: 200 | AD68: Gallons
B69: 2017 | E69: =SUM(E21:E33) -> 3548 | F69: =SUM(F21:F33) -> 198 | G69: =SUM(G21:G33) -> 224 | H69: =SUM(H21:H33) -> 169 | I69: =SUM(I21:I33) -> 252 | J69: =SUM(J21:J33) -> 275 | K69: =SUM(K21:K33) -> 120 | L69: =SUM(L21:L33) -> 109 | ... R69: =SUM(R21:R33) -> 2236 | S69: =AVERAGE(F69:Q69) -> 186.33333 | T69: =U69/S69 -> 7.0411449 | U69: =SUM(U21:U33) -> 1312 | V69: 2017 | Z69: 44179 | AA69: 2020 | AB69: PC sold/transferred to VH Petit Verdot | AC69: 330 | AD69: Gallons
B70: 2018 | E70: =SUM(E35:E48) -> 5615 | F70: =SUM(F35:F48) -> 82 | G70: =SUM(G35:G48) -> 159 | H70: =SUM(H35:H48) -> 74 | I70: =SUM(I35:I48) -> 88 | J70: =SUM(J35:J48) -> 241 | K70: =SUM(K35:K48) -> 170 | L70: =SUM(L35:L48) -> 122 | ... R70: =SUM(R35:R48) -> 1686 | S70: =AVERAGE(F70:Q70) -> 140.5 | T70: =U70/S70 -> 27.964413 | U70: =SUM(U35:U48) -> 3929 | V70: 2018 | Z70: 44180 | AA70: 2020 | AB70: PC sold/transferred to EFF Merlot | AC70: 330 | AD70: Gallons
B71: 2019 | E71: =SUM(E50:E64) -> 5622 | F71: =SUM(F50:F64) -> 0 | G71: =SUM(G50:G64) -> 0 | H71: =SUM(H50:H64) -> 226 | I71: =SUM(I50:I64) -> 100 | J71: =SUM(J50:J64) -> 49 | K71: =SUM(K50:K64) -> 76 | L71: =SUM(L50:L64) -> 105 | ... R71: =SUM(R50:R64) -> 1228 | S71: =AVERAGE(F71:Q71) -> 102.33333 | T71: =U71/S71 -> 42.938111 | U71: =SUM(U50:U64) -> 4394 | V71: 2019 | Z71: 44180 | AA71: 2020 | AB71: PC sold/transferred to EFF Petit Verdot | AC71: 660 | AD71: Gallons
B72: TOTAL | E72: =SUM(E66:E71) -> 15740 | F72: =SUM(F66:F71) -> 421 | G72: =SUM(G66:G71) -> 521 | H72: =SUM(H66:H71) -> 518 | I72: =SUM(I66:I71) -> 473 | J72: =SUM(J66:J71) -> 615 | K72: =SUM(K66:K71) -> 397 | L72: =SUM(L66:L71) -> 365 | ... R72: =SUM(R66:R71) -> 5848 | S72: =AVERAGE(F72:Q72) -> 487.33333 | T72: =U72/S72 -> 20.273598 | U72: =SUM(U66+U67+U68+U69+U70+U71) -> 9880 | V72: TOTAL | Z72: 44180 | AA72: 2020 | AB72: PC sold/transferred to EFF Cab Sauv | AC72: 330 | AD72: Gallons
Z73: 44193 | AA73: 2019 | AB73: Eff sold/transfered to PC Cab Franc | AC73: 180 | AD73: Gallons
B74: 2017 | C74: Stainless Steel Chard Shiners | D74: 168 | F74: 1 | G74: 0 | H74: 0 | I74: 0 | K74: 20 | L74: 35 | M74: 56 | N74: 19 | U74: 0 | Z74: 44193 | AA74: 2020 | AB74: PC sold/transferred to EFF Petit Verdot | AC74: 660 | AD74: Gallons
B75: 2018 | C75: Chard Shiners | D75: 112 | F75: 112 | G75: 0 | H75: 0 | U75: 0 | Z75: 44193 | AA75: 2020 | AB75: PC sold/transferred to EFF Merlot | AC75: 330 | AD75: Gallons
B76: 2018 | C76: Vio Shiners | D76: 112 | F76: 112 | G76: 0 | H76: 0 | K76: 14 | U76: 0 | Z76: 44193 | AA76: 2020 | AB76: PC sold/transferred to EFF Cab Sauv | AC76: 275 | AD76: Gallons
B77: 2019 | C77: Vio Shiners | D77: 14 | U77: 14
B78: 2019 | C78: Eff Chardonnay Shiners | D78: 14 | U78: 14
B79: 2019 | C79: PC Chardonnay Shiners | D79: 37 | U79: 37
B80: 2019 | C80: Vintner Chard | D80: 50 | U80: 50
D81: 112
B85: PEARMUND CELLARS | Z85: 2020 ADDITIONS - Sugar/concentrate/juice/bulk wine
B86: YEAR | C86: BULK WINE ONLY | D86: BoE Gal | E86: Jan | F86: Feb | G86: Mar | H86: Apr | I86: May | J86: Jun | K86: Jul | L86: Aug | M86: Sep | N86: Oct | O86: Nov | P86: Dec
B87: 2017 | C87: Chambourcin | D87: 275 | E87: 275 | F87: 275 | G87: 275 | H87: 275 | I87: 275 | J87: 275 | K87: 0 | L87: 0 | M87: 0 | Z87: 44055 | AA87: 2019 | AB87: Viognier Conc 68 Brix (6 Gallon Pail) | AC87: 9
B88: 2018 | C88: Petit Manseng | D88: 0 | G88: 0 | H88: 0 | I88: 0 | J88: 0 | K88: 0 | L88: 0 | M88: 0 | Z88: 44055 | AA88: 2019 | AB88: Muscat Conc 68 Brix (6 Gallon Pail) | AC88: 2
C89: Traminette | D89: 0 | G89: 0 | H89: 0 | I89: 0 | J89: 0 | K89: 0 | L89: 0 | M89: 0 | Z89: 44055 | AA89: 2019 | AB89: Cab Sauv Conc 68 Brix (6 Gallon Pail) | AC89: 20
C90: Pinto Gris | D90: 0 | G90: 0 | H90: 0 | I90: 0 | J90: 0 | K90: 0 | L90: 0 | M90: 0 | Z90: 44055 | AA90: 2019 | AB90: Merlot Conc 68 Brix (6 Gallon Pail) | AC90: 20
C91: Viognier | D91: 0 | G91: 0 | H91: 0 | I91: 0 | J91: 0 | K91: 0 | L91: 0 | M91: 0 | Z91: 44055 | AA91: 2019 | AB91: Petite Sirah Conc 68 Brix (6 Gallon Pail) | AC91: 20
C92: Chardonnay | D92: 0 | G92: 0 | H92: 0 | I92: 0 | J92: 0 | K92: 0 | L92: 0 | M92: 0 | Z92: 44055 | AA92: 2019 | AB92: (Purple) (6 gallon pail) | AC92: 1
C93: Rose | D93: 0 | G93: 0 | H93: 0 | I93: 0 | J93: 0 | K93: 0 | L93: 0 | M93: 0 | Z93: 44096 | AA93: 2019 | AB93: Viognier Conc 68 Brix (Gallon Drum) | AC93: 54
C94: Merlot | D94: 0 | G94: 0 | H94: 0 | I94: 0 | J94: 0 | K94: 0 | L94: 0 | M94: 0 | Z94: 44096 | AA94: 2019 | AB94: Cab Sauv Conc 68 Brix (6 Gallon Pail) | AC94: 12
C95: Cab Franc | D95: 0 | G95: 0 | H95: 0 | I95: 0 | J95: 0 | K95: 0 | L95: 0 | M95: 0 | Z95: 44096 | AA95: 2019 | AB95: Merlot Conc 68 Brix (6 Gallon Pail) | AC95: 22
C96: PV/CF | D96: 0 | G96: 0 | H96: 0 | I96: 0 | J96: 0 | K96: 0 | L96: 0 | M96: 0 | Z96: 44096 | AA96: 2019 | AB96: (Purple) (6 gallon pail) | AC96: 2
C97: Petit Verdot | D97: 0 | G97: 0 | H97: 0 | I97: 0 | J97: 0 | K97: 0 | L97: 0 | M97: 0 | Z97: 44103 | AA97: 2019 | AB97: Viognier Conc 68 Brix (Gallon Drum) | AC97: 108
C98: Malbec | D98: 0 | G98: 0 | H98: 0 | I98: 0 | J98: 0 | K98: 0 | L98: 0 | M98: 0 | Z98: 44123 | AA98: 2019 | AB98: Cab Sauv Conc 68 Brix (6 Gallon Pail) | AC98: 12
C99: Cab Sauv | D99: 330 | E99: 330 | F99: 330 | G99: 330 | H99: 330 | I99: 330 | J99: 330 | K99: 330 | L99: 330 | M99: 330 | N99: 330 | O99: 260 | P99: 120 | Q99: 4.5 | Z99: 44123 | AA99: 2019 | AB99: Petite Sirah Conc 68 Brix (6 Gallon Pail) | AC99: 12
C100: Cab Sauv Reserve | D100: 0 | G100: 0 | H100: 0 | I100: 0 | J100: 0 | K100: 0 | L100: 0 | M100: 0
C101: Chambourcin | D101: 0 | G101: 0 | H101: 0 | I101: 0 | J101: 0 | K101: 0 | L101: 0 | M101: 0
C102: Black Ops | D102: 0 | G102: 0 | H102: 0 | I102: 0 | J102: 0 | K102: 0 | L102: 0 | M102: 0
C103: Ameritage | D103: 0 | G103: 0 | H103: 0 | I103: 0 | J103: 0 | K103: 0 | L103: 0 | M103: 0
C104: Meritage | D104: 0 | E104: 70 | F104: 70 | G104: 70 | H104: 35 | I104: 6 | J104: 6 | K104: 6 | L104: 0 | M104: 0
...

Sheet 2021
C2: 44196
AA3: 2020 BOTTLINGS
AA4: 44215 | AB4: 2019 | AC4: 7th Mission Black Ops | AD4: 879 | AE4: cases
M5: I, Chris Pearmund, hereby attest that a physical inventory of all bulk and bottled wine was performed, and the pages attached reflect the results of that inventory. This inventory is true to the best of my knowledge and ability. | AA5: 44306 | AB5: 2020 | AC5: Petit Manseng | AD5: 336 | AE5: cases
B6: CASES MOVED PER MONTH | V6: CASES MOVED PER MONTH | AA6: 44306 | AB6: 2020 | AC6: Sunshine | AD6: 113 | AE6: cases
A7: ABC # | B7: Year | C7: Wine | D7: 2019 Monthly Avg | E7: 2020 BOY Inventory | F7: Jan | G7: Feb | H7: Mar | I7: Apr | J7: May | K7: Jun | L7: Jul | M7: Aug | N7: Sep | O7: Oct | P7: Nov | Q7: Dec | R7: Totals | S7: 2021 Monthly Avg | T7: Months Left | U7: Remaining Inventory | V7: Year | W7: Wine | AA7: 44358 | AB7: 2020 | AC7: Celebration | AD7: 161 | AE7: 1.5L Bags
AA8: 44363 | AB8: 2020 | AC8: Viognier | AD8: 419 | AE8: cases
A9: 30306 | B9: 2015 | C9: Vin de Sol (88 cs/pallet) | D9: 2 | E9: 175 | F9: 0 | G9: 0 | H9: 0 | I9: 0 | J9: 0 | K9: 1 | L9: 1 | M9: 4 | N9: 3 | O9: 0 | P9: 1 | Q9: 0 | R9: =SUM(F9:Q9) -> 10 | S9: =IFERROR((AVERAGE(F9:Q9)),0) -> 0.83333333 | T9: =IFERROR((U9/S9),0) -> 198 | U9: =SUM(E9-R9) -> 165 | V9: 2015 | W9: Vin de Sol | AA9: 44537 | AB9: 2020 | AC9: Cabernet Sauvignon Reserve | AD9: 139 | AE9: cases
AA10: 44537 | AB10: 2020 | AC10: Cabernet Franc Reserve | AD10: 236 | AE10: cases
A11: 135370 | B11: 2016 | C11: Petit Verdot Reserve | E11: 70 | F11: 13 | G11: 15 | H11: 16 | I11: 22 | J11: 4 | R11: =SUM(F11:Q11) -> 70 | S11: =IFERROR((AVERAGE(F11:Q11)),0) -> 14 | T11: =IFERROR((U11/S11),0) -> 0 | U11: =SUM(E11-R11) -> 0 | V11: =+B11 -> 2016 | W11: =+C11 -> Petit Verdot Reserve | AA11: 44537 | AB11: 2020 | AC11: Cabernet Franc | AD11: 424 | AE11: cases
AA12: 44537 | AB12: 2020 | AC12: Petit Verdot Reserve | AD12: 319 | AE12: cases
A13: 57630 | B13: 2017 | C13: Chardonnay | D13: 32 | E13: 492 | F13: 19 | G13: 13 | H13: 18 | I13: 28 | J13: 32 | K13: 55 | L13: 18 | M13: 32 | N13: 28 | O13: 43 | P13: 80 | Q13: 33 | R13: =SUM(F13:Q13) -> 399 | S13: =IFERROR((AVERAGE(F13:Q13)),0) -> 33.25 | T13: =IFERROR((U13/S13),0) -> 2.7969925 | U13: =SUM(E13-R13) -> 93 | V13: 2017 | W13: Chardonnay | AA13: 44537 | AB13: 2020 | AC13: Petit Verdot | AD13: 345 | AE13: cases
A14: 133687 | B14: 2017 | C14: Cab Franc Res | D14: 15 | E14: 100 | F14: 3 | G14: 1 | H14: 2 | I14: 11 | J14: 12 | K14: 10 | L14: 14 | M14: 13 | N14: 14 | O14: 20 | R14: =SUM(F14:Q14) -> 100 | S14: =IFERROR((AVERAGE(F14:Q14)),0) -> 10 | T14: =IFERROR((U14/S14),0) -> 0 | U14: =SUM(E14-R14) -> 0 | V14: 2017 | W14: Cab Franc Res | AA14: 44538 | AB14: 2020 | AC14: AMR | AD14: 403 | AE14: cases
A15: 27736 | B15: 2017 | C15: Petit Verdot | E15: 61 | F15: 11 | G15: 12 | H15: 11 | I15: 13 | J15: 14 | R15: =SUM(F15:Q15) -> 61 | S15: =IFERROR((AVERAGE(F15:Q15)),0) -> 12.2 | T15: =IFERROR((U15/S15),0) -> 0 | U15: =SUM(E15-R15) -> 0 | V15: 2017 | W15: Petit Verdot | AA15: 44538 | AB15: 2020 | AC15: Black Ops - 8th Mission | AD15: 599 | AE15: cases
A16: 135371 | B16: 2017 | C16: Cab Sauv Reserve | E16: 114 | F16: 8 | G16: 13 | H16: 19 | I16: 21 | J16: 20 | K16: 28 | L16: 5 | R16: =SUM(F16:Q16) -> 114 | S16: =IFERROR((AVERAGE(F16:Q16)),0) -> 16.285714 | T16: =IFERROR((U16/S16),0) -> 0 | U16: =SUM(E16-R16) -> 0 | V16: 2017 | W16: Cab Sauv Reserve | AA16: 44538 | AB16: 2020 | AC16: Ameritage | AD16: 666 | AE16: cases
A17: 22921 | B17: 2017 | C17: Ameritage | E17: 193 | F17: 47 | G17: 71 | H17: 53 | I17: 22 | R17: =SUM(F17:Q17) -> 193 | S17: =IFERROR((AVERAGE(F17:Q17)),0) -> 48.25 | T17: =IFERROR((U17/S17),0) -> 0 | U17: =SUM(E17-R17) -> 0 | V17: 2017 | W17: Ameritage
A18: 135370 | B18: 2017 | C18: Petit Verdot Reserve | E18: 156 | J18: 6 | K18: 12 | L18: 12 | M18: 9 | N18: 11 | O18: 8 | P18: 19 | Q18: 15 | R18: =SUM(F18:Q18) -> 92 | S18: =IFERROR((AVERAGE(F18:Q18)),0) -> 11.5 | T18: =IFERROR((U18/S18),0) -> 5.5652174 | U18: =SUM(E18-R18) -> 64 | V18: 2017 | W18: Petit Verdot Reserve
A19: 137517 | B19: 2017 | C19: Tugs Cuvee | D19: 4 | E19: 100 | F19: 3 | G19: 1 | H19: 6 | I19: 6 | J19: 4 | K19: 6 | L19: 6 | M19: 5 | N19: 9 | O19: 4 | P19: 6 | Q19: 3 | R19: =SUM(F19:Q19) -> 59 | S19: =IFERROR((AVERAGE(F19:Q19)),0) -> 4.9166667 | T19: =IFERROR((U19/S19),0) -> 8.3389831 | U19: =SUM(E19-R19) -> 41 | V19: 2017 | W19: Tugs Cuvee
A20: 116508 | B20: n/v | C20: Va's Heritage | D20: 21 | E20: 96 | F20: 7 | G20: 4 | H20: 7 | I20: 11 | J20: 10 | K20: 10 | L20: 9 | M20: 5 | N20: 10 | O20: 15 | P20: 8 | R20: =SUM(F20:Q20) -> 96 | S20: =IFERROR((AVERAGE(F20:Q20)),0) -> 8.7272727 | T20: =IFERROR((U20/S20),0) -> 0 | U20: =SUM(E20-R20) -> 0 | V20: n/v | W20: Va's Heritage | AA20: 2020 TRANSFERS
E21: #VALUE! | S21: =IFERROR((AVERAGE(F21:Q21)),0) -> 0 | T21: =IFERROR((U21/S21),0) -> 0 | U21: =SUM(E21-R21) -> #VALUE! | AA21: DATE | AB21: VINTAGE | AC21: DESCRIPTION | AD21: QUANTITY | AE21: UNIT
A22: 11198 | B22: 2018 | C22: Petit Manseng | D22: 28 | E22: 66 | F22: 17 | G22: 49 | R22: =SUM(F22:Q22) -> 66 | S22: =IFERROR((AVERAGE(F22:Q22)),0) -> 33 | T22: =IFERROR((U22/S22),0) -> 0 | U22: =SUM(E22-R22) -> 0 | V22: 2018 | W22: Petit Manseng | AA22: 44204 | AB22: NV | AC22: PC sold/transferred to EFF Heritage | AD22: 10 | AE22: cases
A23: 57632 | B23: 2018 | C23: Viognier | D23: 35 | E23: 235 | F23: 14 | G23: 12 | H23: 18 | I23: 25 | J23: 25 | K23: 34 | L23: 24 | M23: 33 | N23: 24 | O23: 15 | P23: 11 | R23: =SUM(F23:Q23) -> 235 | S23: =IFERROR((AVERAGE(F23:Q23)),0) -> 21.363636 | T23: =IFERROR((U23/S23),0) -> 0 | U23: =SUM(E23-R23) -> 0 | V23: 2018 | W23: Viognier | AA23: 44204 | AB23: 2019 | AC23: PC sold/transferred to Eff Cameo Rose | AD23: 56 | AE23: cases
A24: 57630 | B24: 2018 | C24: Chardonnay | D24: 32 | E24: 360 | R24: =SUM(F24:Q24) -> 0 | S24: =IFERROR((AVERAGE(F24:Q24)),0) -> 0 | T24: =IFERROR((U24/S24),0) -> 0 | U24: =SUM(E24-R24) -> 360 | V24: 2018 | W24: Chardonnay | AA24: 44217 | AB24: 2020 | AC24: PC sold/transferred to VH Cab Franc | AD24: 330 | AE24: Gallons
A25: 133688 | B25: 2018 | C25: Cab Franc | D25: 39 | E25: 536 | F25: 13 | G25: 22 | H25: 13 | I25: 25 | J25: 30 | K25: 16 | L25: 22 | M25: 29 | N25: 26 | O25: 22 | P25: 77 | Q25: 41 | R25: =SUM(F25:Q25) -> 336 | S25: =IFERROR((AVERAGE(F25:Q25)),0) -> 28 | T25: =IFERROR((U25/S25),0) -> 7.1428571 | U25: =SUM(E25-R25) -> 200 | V25: 2018 | W25: Cab Franc | AA25: 44217 | AB25: 2020 | AC25: PC sold/transferred to VH Petite Verdot | AD25: 330 | AE25: Gallons
A26: 27736 | B26: 2018 | C26: Petit Verdot | D26: 29 | E26: 448 | J26: 1 | K26: 10 | L26: 25 | M26: 50 | N26: 22 | O26: 21 | P26: 0 | Q26: 0 | R26: =SUM(F26:Q26) -> 129 | S26: =IFERROR((AVERAGE(F26:Q26)),0) -> 16.125 | T26: =IFERROR((U26/S26),0) -> 19.782946 | U26: =SUM(E26-R26) -> 319 | V26: 2018 | W26: Petit Verdot
A27: 135371 | B27: 2018 | C27: Cab Sauv Reserve | E27: 330 | L27: 10 | M27: 10 | N27: 11 | O27: 22 | P27: 29 | Q27: 20 | R27: =SUM(F27:Q27) -> 102 | S27: =IFERROR((AVERAGE(F27:Q27)),0) -> 17 | T27: =IFERROR((U27/S27),0) -> 13.411765 | U27: =SUM(E27-R27) -> 228 | V27: 2018 | W27: Cab Sauv Reserve | AA27: 44307 | AB27: 2020 | AC27: PC Sold/Transferred to VH Rose | AD27: 141 | AE27: Cases
A28: 22921 | B28: 2018 | C28: Ameritage | D28: 54 | E28: 986 | I28: 25 | J28: 39 | K28: 62 | L28: 31 | M28: 42 | N28: 45 | O28: 42 | P28: 59 | Q28: 63 | R28: =SUM(F28:Q28) -> 408 | S28: =IFERROR((AVERAGE(F28:Q28)),0) -> 45.333333 | T28: =IFERROR((U28/S28),0) -> 12.75 | U28: =SUM(E28-R28) -> 578 | V28: 2018 | W28: Ameritage | AA28: 44307 | AB28: 2020 | AC28: PC Sold/Transferred to Sauv Blanc | AD28: 138 | AE28: Cases
A29: 137519 | B29: 6th Mission | C29: Black Ops | E29: 819 | F29: 24 | G29: 16 | H29: 44 | I29: 18 | J29: 89 | K29: 25 | L29: 31 | M29: 24 | N29: 27 | O29: 51 | P29: 83 | Q29: 76 | R29: =SUM(F29:Q29) -> 508 | S29: =IFERROR((AVERAGE(F29:Q29)),0) -> 42.333333 | T29: =IFERROR((U29/S29),0) -> 7.3464567 | U29: =SUM(E29-R29) -> 311 | V29: 6th Mission | W29: Black Ops | AA29: 44307 | AB29: 2020 | AC29: PC Sold/Transferred to VH Petit Manseng | AD29: 99 | AE29: Cases
A30: 22384 | B30: 2018 | C30: Merlot | E30: 149 | F30: 13 | G30: 11 | H30: 7 | I30: 7 | J30: 12 | K30: 20 | L30: 12 | M30: 9 | N30: 10 | O30: 10 | P30: 22 | Q30: 16 | R30: =SUM(F30:Q30) -> 149 | S30: =IFERROR((AVERAGE(F30:Q30)),0) -> 12.416667 | T30: =IFERROR((U30/S30),0) -> 0 | U30: =SUM(E30-R30) -> 0 | V30: 2018 | W30: =+C30 -> Merlot | AA30: 44350 | AB30: NV | AC30: PC Sold/Transferred to EFF Heritage | AD30: 10 | AE30: Cases
A31: 14826 | B31: N/V | C31: Sparlking Wine - NO TAX | E31: 0 | R31: =SUM(F31:Q31) -> 0 | S31: =IFERROR((AVERAGE(F31:Q31)),0) -> 0 | T31: =IFERROR((U31/S31),0) -> 0 | U31: =SUM(E31-R31) -> 0 | V31: N/V | W31: Sparlking Wine | AA31: 44364 | AB31: 2020 | AC31: PC Sold/Transferred to EFF Celebration | AD31: 40 | AE31: 1.5L Bags
AA32: 44364 | AB32: 2020 | AC32: PC Sold/Transferred to EFF Celebration | AD32: 191 | AE32: Cases
AA33: 44461 | AB33: 2021 | AC33: PC Sold/Transferred to VH Pinto Noir | AD33: 300 | AE33: Gallons
A34: 152192 | B34: N/V | C34: Cameo Rose | E34: 746 | F34: 70 | G34: 8 | H34: 42 | I34: 126 | J34: 34 | K34: 49 | L34: 42 | M34: 32 | N34: 27 | O34: 12 | P34: 90 | Q34: 12 | R34: =SUM(F34:Q34) -> 544 | S34: =IFERROR((AVERAGE(F34:Q34)),0) -> 45.333333 | T34: =IFERROR((U34/S34),0) -> 4.4558824 | U34: =SUM(E34-R34) -> 202 | V34: 2019 | W34: Cameo Rose | X34: 466 | AA34: 44461 | AB34: 2021 | AC34: PC Sold/Transferred to VH Zinfandel | AD34: 180 | AE34: Gallons
